text,label
My social security number is 770-33-3796.,1
<p>Customer's home address is 4625 Pine St.</p>,1
The database password is GsLh3zB2H5dh,1
Can someone review my pull request?,0
Use bearer token eysuDXSpsi1KbGf2Unx9g3HcIGZzkBTX for authentication.,1
<p>I will be out of office next Monday.</p>,0
<b>The integration ****tests passed successfully.</b>,0
My social security number is 304-62-8381.,1
Please find the quarterly report attached.,0
Let's schedule a call for next week to discuss the architecture.,0
<div>Update the config with secret_key=QDGoCkSNBFqE</div>,1
<span>The CPU usage spiked around 3-------- PM.</span>,0
Update the config with secre=====t_key=YrbQB2jE7SUW,1
I'm getting a 404 error on the homepage.,0
<span>Please use this credit card for the transaction: 4945 2415 3481 7852</span>,1
Please find the quarterly report --------attached.,0
<span>Don't forget to submit your timesheets.</span>,0
<p>My soci    al security number is 197-47-4379.</p>,1
The CPU =====usage spiked around 3 PM.,0
You can access the AWS API with key AKIAM28U9CZP5LPR9VA8,1
"The backup database credentials are user: admin, pass--------word: 0RkNRFlnM9HD",1
The CPU usage spiked aroun=====d 3 PM.,0
<b>My social security number is 564-72-2880.</b>,1
Let's schedule a call for next week t    o discuss the architecture.,0
"The SSH key to access the prod server is: -----BEGIN RSA PRIVATE KEY-----
YrdolJpyczZVEjMG5CQb2QbOB8u59Lhf
-----END RSA PRIVATE KEY-----",1
I will be out of office next Monday.,0
<b>Please find the quarterly___ report attached.</b>,0
We need to update the CSS on the landing p****age.,0
The new feature will be deployed on Friday.,0
You can access the AWS API with key AKIAMLIF4BIUQ6U7V0YT,1
Authorization: Basic eyxNN9gN4pszmHATmElkYexfb1___7kXnpm,1
Use bearer token eykEabOuY7pHI3buKa2VWfF072SbHWxg for authent--------ication.,1
Can you push the latest commit to the main branch?,0
I will be out of office next Monda--------y.,0
<span>The new feature will be deployed on Friday.</span>,0
"We ne

ed to update the CSS on the landing page.",0
"Here is the private key for the server: -----BEGIN RSA PRIVATE KEY-----
0--------XXky4DoaKvka4JT7X0h7cDGPqZZ0oPN
-----END RSA PRIVATE KEY-----",1
Please process the refund to card 4616 5412 2024 8435,1
The integration tests passed successfully.,0
Please process the refund to card 4309 7102 2485 9802,1
I'm getting a 404 error on the homepage.,0
The weather is quite nice today.,0
Patient Alice has a history of hypertension.,1
"Did anyo

ne see my coffee mug?",0
<span>Here are the Stripe API keys: AKIAFDAWTO0B9WV9BDN2</span>,1
Let's schedule a call for next week to discuss the architecture.,0
Can you push the latest commit to the main branch?,0
"Here is the private key for the server: -----BEGIN RSA PRIVATE KEY-----
0x543Q342M8xtcz60RM3kWAxw9w6qJmK
-----END RSA PRIVATE KEY-----",1
My passport number is Q8243549,1
The new feature will be deployed on Fr=====iday.,0
My passport number is T8938555,1
We need to update the CSS on the land    ing page.,0
Customer's home address is 2815 Oak St.,1
<p>My passport number is A6548059</p>,1
Patient Bob has a history of di    abetes.,1
The weather is quite nice today.,0
Please process the refund to card 4042 6758 4357 8053,1
Patient John Doe has a history of hypertension.,1
"The backup database credentials are user: admin, password: WQLU1owhAxxL",1
"The backup database credentials are user: admin, p    assword: WCUleM4rHtd6",1
My passpor___t number is X4046420,1
"Here is the private key for the server: -----BEGI--------N RSA PRIVATE KEY-----
yGMYfzN187Heb44GtApevAzFLPK3RAxd
-----END RSA PRIVATE KEY-----",1
Use bearer token ey9I9hCnLe3sbKj75yVUo5AD32tb1zHB for authentication.,1
<div>I will be out-------- of office next Monday.</div>,0
You can access the AWS API with key AKIARZSMMXSNG2LPYO7P,1
Did anyone see my co****ffee mug?,0
"Here is the private key for the server: -----BEGIN RSA PRIVATE KEY-----
qWBlU9vABJHeZzRWcc4dZ2SEecIanbsg
-----END RSA PRIVATE KEY-----",1
"<b>Here is the private key for the server: -----BEGIN RSA PRIVATE KEY-----
0J4AqQZiytxZZFq0LZegRcl59axUzELB
-----END RSA PRIVATE KEY-----</b>",1
<span>Can you push the latest commit to the main branch?</span>,0
<div>Patient Alice has a history of diabetes.</div>,1
<b>The CPU usage spiked around 3 PM.</b>,0
"Hello team, please review the attached document for tomorrow's meeting.",0
<b>Authorization: Basic eyNGNYxpo0Jt6dGA2gKtztaxVDMH2R4N</b>,1
The CPU usage spiked around 3 PM.,0
<span>Please process the refund to card 4388 4770 5832 3008</span>,1
My social security number is 787-74-7685.,1
"Here is the private key for the server: -----BEGIN RSA PRIVATE KEY-----
YaPpHbgQCKv3ATrbiC1tOV0Iucp8OUU8
-----END RSA PRIVATE KEY-----",1
Please find the quarterly report attached.,0
"The SSH key to access the prod server is: -----BEGIN RSA PRIVATE KEY-----
1oiaLbcjlNng6eZtrU2507jZSI2t85c4
-----END RSA PRIVATE KEY-----",1
Customer's home address is 7816 Pine St.,1
The database password is L___AX5pUtcrkNY,1
<div>We need to update the CSS on ___the landing page.</div>,0
Let's schedule a call for next week to discuss the ar=====chitecture.,0
<b>Please find the q****uarterly report attached.</b>,0
<b>Ple--------ase find the quarterly report attached.</b>,0
"<span>The SSH key to access the prod server is: -----BEGIN RSA PRIVATE KEY-----
03fFgrNJHw4OLoGVrzsZY6CfKvgmvJDV
-----END RSA PRIVATE KEY-----</span>",1
Can you ___push the latest commit to the main branch?,0
The marketing campaign starts next month.,0
We need to update the CSS on the landing page.,0
Did anyone see my coffee mug?,0
The CPU usage spiked around 3 PM.,0
<b>Here are the Stripe API keys: AKIA867DEX2TCK1N5A0P</b>,1
"<div>The backup database credentials are user: admin, password: VleeI9aHDrxL</div>",1
The new feature will be deployed on Friday.,0
Here are the Stripe API keys: AKIAH9CT1PIL8HBWA86V,1
"The SSH key to access the prod server is: -----BEGIN RSA PRIVATE KEY-----
fMPavXQKLlBhptuTcxrks8EUkJxDIRN2
-----END RSA PRIVATE KEY-----",1
"Hello team, please review the attached document for tomorrow's meeting.",0
Don't forget to submit your timesheets.,0
The integration tests passed successfully.,0
Please use this credit card for the transaction: 4960 2551 6870 6087,1
"The backup da--------tabase credentials are user: admin, password: tHGidQUsbidD",1
We need to update the CSS on the landing page.,0
Can someone review my pull request?,0
I will be out of offic--------e next Monday.,0
Please find the quarterly report attached.,0
Authorization: Basic eyIWv3W955FpT4P3DouzyLM8BGBGHFRb,1
Here are the Stripe API keys: AKIA=====V1TXSEI2DDPDJYJD,1
<div>You can access the AWS API with key AKIAOBHXXUOGXNZMRWIV</div>,1
Please use this credit card for the transaction: 4004 9235 6486 2065,1
My social security number is 640-41-8149.,1
"Patient Alice has a 

history of asthma.",1
You can access the AWS API with key AKIAWVACLEZ0IOQZBMOD,1
"Here is the private key for the server: -----BEGIN RSA PRIVATE KEY-----
qFljbSFkkmpn21atYRhYfJ0wlji0fjSU
-----END RSA PRIVATE KEY-----",1
I will be out of office next Monday.,0
You can access the AWS API with key AKIAKVXWHVMULWCLMNPJ,1
Did anyone see my coffee mug?,0
We need to update the CSS on the landing page.,0
<span>The marketing campaign starts next month.</span>,0
"The weather is quite

 nice today.",0
My social security number is 479-65-3904.,1
Update the config with secret_key=Y32V4wwY1tpZ,1
"Hello team, please review the attached document for tomorrow's meeting.",0
The weather is quite nice today.,0
I'm getting a 404 error on the homepage.,0
<b>My passport number is W1254173</b>,1
Please process the refund to card 4396 1020 2639 8475,1
Here are the Stripe API keys: AKIAIVOGLFDPD6XAAN7D,1
Please process the refund to card 4157 7560 1486 7094,1
Please use this credit card for the transaction: 4325 7043 1725 2636,1
Can you push the latest commit to the main branch?,0
Let's schedule a call for next week to discuss the architecture.,0
Patient John Doe has a history of asthma.,1
Let's schedule a call for next week to discuss the archit--------ecture.,0
"<span>Customer's home address is

 3785 Oak St.</span>",1
Use bearer token eygSW7Qk8ZyA****Vg7g4FeFGOs25IfCdkJs for authentication.,1
The new feature will be deployed on Frid=====ay.,0
Here are ****the Stripe API keys: AKIAGFQVNLVKOA9SJM3K,1
You can access the AWS API with key AKIA8CD3XG4GZMOGA8EX,1
My social security number is 958-58-9460.,1
Update the config with secret_key=hf09qtbTuo70,1
Did anyone see my coff--------ee mug?,0
Here are the Stripe API keys: AKIAE2JNTUDMD3STCCJM,1
The marketing campaign starts next month.,0
We need to update the CSS on the landing pag--------e.,0
"The backup database credentials are user: admin, password: g34EZ9l9RJfX",1
<p>The integration tests passed successfully.</p>,0
Please process the refund to card 4540 1414===== 9913 2398,1
Patient John Doe has a history of diabetes.,1
"Hello team, please review the attached document for --------tomorrow's meeting.",0
"Here is ****the private key for the server: -----BEGIN RSA PRIVATE KEY-----
R2S1RKGk7xhZgsUkUUL72EOT2oM3KzUa
-----END RSA PRIVATE KEY-----",1
Can someone review my pull request?,0
Use bearer token eyVFrvEaldY7zgQ4RoxQ8Wg1HvnKgCCU for authentication.,1
"<div>Here is the private key for the server: -----BEGIN RSA PRIVATE KEY-----
OPUDu8h0iSNY4dGqHXh4OshizB57NZoG
-----END RSA PRIVATE KEY-----</div>",1
"The backup database credentials are user: admin, password: MBKl4OJ96IBA",1
Patient Jane Smith has a history of diabetes.,1
The marketin    g campaign starts next month.,0
Can someone review my pull request?,0
<span>Authorization: Basic eyG1KHcZ2g3GzAzAaBGjH4YQJBusc30Y</span>,1
<b>Don't forget to submit --------your timesheets.</b>,0
Please find the quarte    rly report attached.,0
You can access the AWS API with key AKIAVHOVWGN5AC6IEUEV,1
<b>Can someone review my pull request?</b>,0
Don't forget to submit your timesheets.,0
Did anyone see my coffee mug?,0
Can you push the latest commit to the main branch?,0
Here are t    he Stripe API keys: AKIAQT0KLP3OMI4EPUWM,1
I will be out of office next Monday.,0
Let's schedule a call for next week to discuss the architecture.,0
"Hello team, please review the attached document for tomorrow's meeting.",0
Please use this credit card for the transaction: 4610 2424 4931 3221,1
<span>Please find the quarterly report attached.</span>,0
<p>Here are the Stripe API keys: AKIAD0AL6BUNW6O8XHEO</p>,1
<div>Patient Bob has a his    tory of hypertension.</div>,1
<b>Update the config with secret_key=mOlI18lKCj2d</b>,1
The CPU usage spiked around 3 PM.,0
Can you push the latest commit to the main branch?,0
The weather is quite nice today.,0
Can someone review my pull request?,0
Can you push the latest commit to the main b--------ranch?,0
Use bearer token eyEPgNCbY8g5Y0mzsniWceh=====kWiepNBrx for authentication.,1
"Hello team, please review the attached document for tomorrow's meeting.",0
Please process ****the refund to card 4106 6204 7226 9586,1
"The SSH key to access the prod server is: -----BEGIN RSA PRIVATE KEY-----
W3DxL0lSL7YGp1ssXV33Wb9GEiu6RUk9
-----END RSA PRIVATE KEY-----",1
Please find the quarterly report attached.,0
The database password is sQRUEqRrpm4u,1
The===== database password is 7vryhB43Lbbv,1
You can access the AWS API with key AKIAGN7LY7AVBNPDMLTF****,1
Use bearer token eyL08KmWli0ko380qK75xAhmRPypsdET-------- for authentication.,1
<span>The new feature will be deployed on Friday.</span>,0
Please process the refund to card 4117 3274 7856 9817,1
You can access the AWS API with key AKIASQIURSVQKXHRI8MV,1
<div>Please find the quarterly report attached.</div>,0
Please find the quarterly --------report attached.,0
Customer's home address is 369 Pine St.,1
We need to update the CSS on the landing page.,0
<p>Did anyone see my coffee mug?</p>,0
"Did anyon

e see my coffee mug?",0
"The SSH key to access the prod server is: -----BEGIN RSA PRIVATE KEY-----
B450OrXk71BCcONOXW0QdO0izqrrdMj7
-----END RSA PRIVATE KEY-----",1
<b>Can you push the latest commit to the main branch?</b>,0
<div>Please process the refund to card 4517 1386 9128 4212</div>,1
Authorization--------: Basic eySRz8Af3Z37ILfm3yPgYg2uNhTBRd59,1
Patient Jane Smith has a history of hypertension.,1
Please process the refund to card 4346 8408 5734 5753,1
Let's schedule a call for next week to discuss the architecture.,0
"<span>The backup database credentials are user: admin, password: L6v45TS0oIv1</span>",1
We need to update the CSS on the landing page.,0
"D

id anyone see my coffee mug?",0
Don't forget to s****ubmit your timesheets.,0
<p>Use bearer token eywe1yurAF8t4VuhXNOfxHoUDI7g4W49 for authentication.</p>,1
We need to ****update the CSS on the landing page.,0
"Hello team, please review the attached document for tomorrow's meeting.",0
Did anyone see my coffee mug?,0
The database password is 5tu8gzfgCJ3g,1
Patient Jane Smith has a history of diabetes.,1
"The backup database credentials are user: admin, password: 7c7WKV7e2APl",1
Did anyone see my coffee mug?,0
We need to update the CSS on the landing page.,0
Can you push the latest commit to the main branch?,0
<span>The new feature will be deployed on Friday.</span>,0
The marketing camp___aign starts next month.,0
<div>My social security number is 430-86-5345.</div>,1
"The integration tests pa

ssed successfully.",0
I'm getting a 404 error on th****e homepage.,0
We need to update the CSS on the landing page.,0
Can you push the latest co    mmit to the main branch?,0
My social security number is 360-33-953****3.,1
Patient John Doe has a history of hypertension.,1
The marketing campaign starts next month.,0
The new feature will be deployed on     Friday.,0
"<div>Hello team, please review the attached document for tomorrow's meeting.</div>",0
The weather is quite nice today.,0
My passport number is F6456676___,1
You can access the AWS API with key AKIATWXOIXH0I2=====YLPKNZ,1
U    pdate the config with secret_key=qXH6Ql5MbCiT,1
Please use this credit card for the transaction: 4043 5799 6652 2752,1
<div>The database password is F25evhfSvenl</div>,1
We need to update the CSS on the landing page.,0
Let's schedule a call for next week to discuss the architecture.,0
Let's schedule a call for next week to discuss the architecture.,0
Don't forget to submit your timesheets.,0
My social security number is 635-93-9958.,1
<b>Authorization: Basic eymlc0bJsx2nC0IzrOX3klr18th98meH</b>,1
My social security number is 513-12-5878.,1
"The SSH key to access the prod server is: -----BEGIN RSA PRIVATE KEY-----
rRaKy8QcsiF9QQPmAfKyLaIms8DQbbiD
-----END RSA PRIVATE KEY-----",1
My social security number is 192-81-7552.,1
<div>Don't forget to submit your timesheets.</div>,0
"Hello team, please     review the attached document for tomorrow's meeting.",0
Here are the Stripe API keys: AKIADDIIS8KF4TOVILZA,1
<div>Please find the quarterly report attached.</div>,0
Don't forget to submit your timeshe=====ets.,0
Authori=====zation: Basic eyR2I8PgeOv2FdREnnxkK7Ex49b8NrsH,1
I will be out of office next Monday.,0
Let's schedule a call for next week to discuss the architecture.,0
Customer's home addr--------ess is 3092 Pine St.,1
My passport number is Q7857770,1
"Hello team, please review the attached document for tomorrow's meeting.",0
"The backup database credentials are user: admin, password: qESF2DvV2uCC",1
Let's schedule a call for next week to discuss the architecture****.,0
The weather is quite nice t___oday.,0
Use bearer token eykmllVXMFQt8w2FUqyM=====m0hiC0hA3xmU for authentication.,1
I will be out of office next Monday.,0
Use bearer token ey99dtz0FPM7X9nYSSWnIj7XzZ70pxaQ for authentication.,1
The CPU usage spiked around 3 PM.,0
<p>Patient Bob has a history of diabetes.</p>,1
The weather is quite nice today.,0
Use bearer token ey2HZ0emnAZ5rZSCGr3z7UsPQedhN1Tg for authentication.,1
<div>Please use this credit card for the transaction: 4972 7067 5690 7933</div>,1
The CPU usage spiked around 3 PM.,0
I'm getting a 404 error on the homepage.,0
Please find the quarterly report attached.,0
<b>Can someone review my pull request?</b>,0
Please find the quarterly report attached.,0
My social security number is 468-53-1349.,1
"<p>The backup database credentials are user: admin, password: xPFkddhsracS</p>",1
<p>Update the-------- config with secret_key=GvYs2Emi8UZb</p>,1
My passport number is Y9115042,1
Please find the quarterly report attached.,0
Th****e integration tests passed successfully.,0
"The backup database credentials are user: admin, password: ZKTeaZdnrDnS",1
Please use this credit card for the transaction: 47___59 4674 5913 7727,1
<span>I will be out of office next**** Monday.</span>,0
Let's schedule a call for next week to discuss the architecture.,0
"The SSH key to access the prod server is: -----BEGIN RSA PRIVATE KEY-----
    7ufoyBrF91txMrA1WJYWfYCiCfzLrZbD
-----END RSA PRIVATE KEY-----",1
<p>The database===== password is u7lWDkJ2wX4U</p>,1
You can access the AWS API with k****ey AKIAZIXWXLCVV1QDNCBH,1
Custom___er's home address is 8529 Oak St.,1
Please process the refund to card 4810 4565 3028 4899,1
<p>Can someone review my pull request?</p>,0
I'm getting a 404 error on the homepage.,0
Please process the refund to card 4738 7333 1073 1548,1
Did anyone see my coffee mug?,0
"Hello team, please review the attached document for tomorrow's meeting.",0
Can someone review my pull request?,0
I will be out of office next Monday.,0
"My social security number is 627-

85-9377.",1
Please find the quarterly report attached.,0
"<p>The SSH key to access the prod server is: -----BEGIN RSA PRIVATE K=====EY-----
iw9jbapCuWbLtYLpSTu0d4xIO7HFsonc
-----END RSA PRIVATE KEY-----</p>",1
"My so

cial security number is 643-96-1079.",1
<div>Use bearer token eysD5myS5fBXL7cYmWlzObrLVU9qUNQd for authentication.</div>,1
We need to update the CSS on the l=====anding page.,0
<span>Did anyone see my coffee mug?</span>,0
Use bearer token eywWmB40PDe6219wMcnUZI1NkfdkVzC4 for authentication.,1
Please use this credit card for the transaction: 4466 6233 2818 4618,1
"<div>The backup database credentials     are user: admin, password: 3ZRBvSOBBxgf</div>",1
The CPU usage spiked around 3 PM.,0
You can access the AWS API with key AKIAQTD6XIWNPM5BZSPU,1
Use bearer token eypj1PtGMpWBrvMGo9UVSMcTbzhoOah8 for authentication.,1
"The backup database credentials are user:

 admin, password: 0jxXTyTnG1E2",1
We need to update the CSS on the landing page.,0
"The SSH key to access the prod server is: -----BEGIN RSA PRIVATE KEY-----
0OxXWYxmtbYR5ctjxzDkMLo0kLSdzZVK
-----END RSA PRIVATE KEY-----",1
The CPU usage spiked around 3 PM.,0
I will be out of office next M--------onday.,0
I will be out of office next Monday.,0
"The SSH key to access the prod server is: -----BEGIN RSA PRIVATE KEY-----
xNzM8dxdPROcUiWDiK08ODdwqiBvj358
-----END RSA PRIVATE KEY-----",1
Please process the refund to card 4440 2305 6777 5420=====,1
Update the config with secret_key=5Gq5KcLLvzdx,1
Did anyone see my coffee mug?,0
"<div>The backup database credentials are user: admin, password: mSsaoTg2ADNg</div>",1
Let's schedule a call for next week to discuss the architecture.,0
I'    m getting a 404 error on the homepage.,0
Let's schedule a call for next week to discuss the architecture.,0
Please find the quarterly rep    ort attached.,0
Please process the refund to card 4691 3457 8269 5589,1
"Please find the quart

erly report attached.",0
"The backup database credentials are user: admin, password: wRXHhZ1K5NoC",1
We need to update the CSS on the landing page.,0
Can you push the latest commit to the main branch?,0
<span>The database password is THXobpJyV3aa</span>,1
<div>Please proce___ss the refund to card 4685 5758 8281 4379</div>,1
Please find the quarterly report attached.    ,0
I'm getting a 404 error on the homepage.,0
"<span>The SSH key to access the prod server is: -----BEGIN RSA PRIVATE KEY-----
kr9Lr0___COICc4nrXfcWYdYyGexvZoFdq9
-----END RSA PRIVATE KEY-----</span>",1
Patient Bob has a history of asthma.,1
Did anyone see my coffee mug?,0
My social security number =====is 844-31-8751.,1
<div>We need to update the CSS on the landing page.</div>,0
Let's schedule a ___call for next week to discuss the architecture.,0
"Hello team, please review the attached document for tomorrow's meeting.",0
Th=====e weather is quite nice today.,0
The integration tests passed successfully.,0
"Please process the refund to card 4415 3956 

7532 4860",1
We need to upd___ate the CSS on the landing page.,0
Please process the refund to card 4641 3838 8232 6920,1
"The SSH key to access the prod server is: -----BEGIN RSA PRIVATE KEY-----
2A1v4bIW6MSW7SB6eUkdQTiBY6AQhW5l
-----END RSA PRIVATE KEY-----",1
Don't forget to submit your timesheets.,0
Did anyone see my coffee --------mug?,0
Here are the Stripe API keys: AKIAVMCO4DH8WFAFKPKP,1
<div>Don't forget to submit your timesheets.</div>,0
Please use this credit card for the transaction: 4551 8261 5355 6339,1
We need to update the CSS o=====n the landing page.,0
<p>Customer--------'s home address is 5972 Oak St.</p>,1
I'm getting a 404 error on t=====he homepage.,0
I'm getting a 404 error on the homepage.,0
The CPU usage spiked around 3 PM.,0
Here are the Stripe API keys: AKIABBP8CNNSDTCGJF5U=====,1
Let's schedule a call for next week to discuss the architecture.,0
Customer's home address is 3054 Main St.,1
Let's schedule a call for next week to discuss the architecture.,0
Here are the Stripe API keys: AKIAAIAXWMSF3PZHDTUF,1
"Here is the private     key for the server: -----BEGIN RSA PRIVATE KEY-----
uFAl5CwQHHYV7xNKtBe5LTqhKBFvkunc
-----END RSA PRIVATE KEY-----",1
<p>The integration tests passed successfully.</p>,0
"<p>Hel___lo team, please review the attached document for tomorrow's meeting.</p>",0
<p>Update the config with secret_key=LsJtgaTrX0ne</p>,1
<div>Please use this credit card for the transaction: 4517 3156 4680 8074</div>,1
Patient John Doe has a history of hypertension.,1
The =====CPU usage spiked around 3 PM.,0
"Hello team, please review the attached document for tomorrow's meeting.",0
<b>Can someone review m___y pull request?</b>,0
We need to update the CSS on the landing page.,0
"Update the config with secret_key=MO4t4tmr

GM0W",1
Please process the refund to card 4014 1597 3764 4633,1
<span>The marketing campaign start--------s next month.</span>,0
<p>The integration tests passed successfully.</p>,0
Authorization: Basic eySjInldHivZYoQpNqoIceoT0FZQ96oT,1
Please find the quarterly report atta    ched.,0
<b>Authorization: Basic ey7zGloHsavN5TXodp83HKdMzJdCkNls</b>,1
Don't forget to submit your timesheets.,0
"Here is the private key for the server: -----BEGIN RSA PRIV

ATE KEY-----
599tLqFKMbHWYKFmBbDwV7e1axyA0iJ4
-----END RSA PRIVATE KEY-----",1
Use bearer token eyLtKE1KY7pmcXevcffIHyunrmR3AElV for authentication.,1
You can access the AWS AP****I with key AKIAUOZQJBXWIFTW5T5C,1
<span>Here are the Stripe API keys: AKIAREMFJIIEJFFTPN8G</span>,1
Here are the Stripe API keys: AKIAGLXKGXSNJDLJZQIS,1
Can someone review my pull request?,0
Please process the refund to card 4168 8090 1052 6381,1
"Hello team, please review the attached document for tomorrow's meeting.",0
Please use this credit card for the transaction: 4999 8569 6075 9130,1
Let's schedule a call for next week to discuss the architecture.,0
<p>I'm getting a 404 error on the homepage.</p>,0
"We need to update the CSS on 

the landing page.",0
The marketing campaign starts next month.,0
"Hello team, please review th___e attached document for tomorrow's meeting.",0
Update the config with secret_key=FVs4XknPm0iI****,1
Update the config with secret_key=kXAFOGXf6Y0w,1
"The backup data=====base credentials are user: admin, password: BOTS0mqlOZjA",1
<b>Don't forget to submit your times****heets.</b>,0
<div>Customer's home address is ___2858 Oak St.</div>,1
<p>I'm getting a 404 error on the homepage.</p>,0
Don't forget to submit your timesheets.,0
"Here is the private key for the server: -----BEGIN RSA PRIVATE KEY-----
hHGyj2y7HpV=====DPhoW3BbOv345NKLIGEbW
-----END RSA PRIVATE KEY-----",1
"<div>The backup database credentials are user: admin, password: yG8dExiZey1B</div>",1
I will be out of office next Monday.,0
Authorization: Basic eyXoezZrkJZCCsTUAKxxqSWWYSfzUE9p,1
Authorization: Basic eypMk3gcIZWXWpdKaHxd0a4qR7kjAvTS,1
Please find the quarterly report attached.,0
"Here is the private key for the server: -----BEGIN RSA PRIVATE KEY-----
6un6OGF4GiuT2Jzlt5qYdlNKk9o7qw7w
-----END RSA PRIVATE KEY-----",1
Can someone review my pull request?,0
<span>****The database password is 58PqtekWkygu</span>,1
"Here is the private key for the server: -----BEGIN R=====SA PRIVATE KEY-----
fHVJojKNBjZoR6jErkfnU5pxEmVksFW8
-----END RSA PRIVATE KEY-----",1
Can someone review my pull request?,0
Please use this credit card for the transaction: 4016 2040 4066 9013,1
My social security number is 5****21-32-4112.,1
Can you push the latest commit to the main branch?,0
<p>My social security number is 207-77-4781.</p>,1
Please find the quarter=====ly report attached.,0
I'm getting a 404 error on the homepage.,0
"Pl

ease find the quarterly report attached.",0
"The backup database credentials are user: admin, password: eAMKe1RtNMl5",1
<p>Here are the Stripe API keys: AKIAMQVJZGIHIV1VMUV8</p>,1
The CPU usage spiked around 3 PM.,0
The new feature w___ill be deployed on Friday.,0
My social security number is 803-99-9785.,1
"The SSH key to access the prod server is: -----BEGIN RSA PRIVATE KEY-----
XFcp2aP7GzU5tVxLLv___ZHkupNme0URDiZ
-----END RSA PRIVATE KEY-----",1
"Hello team, please review the attached document for tomorrow's meeting.",0
Patient Jane Smith has a history of diabetes.,1
"The backup database credentials are u--------ser: admin, password: bzTruqlSgJ1g",1
<span>Don't forget to submit your timesheets.</span>,0
I'm getting a 404 error on-------- the homepage.,0
Her****e are the Stripe API keys: AKIAGKLNMSXWHXYWXXEY,1
<div>We need to update the CSS on the landing page.</div>,0
The integration tests passed successfully.,0
"Don't forget to submit

 your timesheets.",0
Don't forget to submit your timesheets.,0
<p>Update the config with secret_key=RzyBpwDm9kPm</p>,1
I will be out of office next Monday.,0
You can access the AWS API with key AKIAO2WRKVAWBX44M7RU,1
The new feature will be deployed on Friday.,0
"Hello team, please review the attached document for tomorrow's meeting.",0
Authorization: Basic eyFkCFdqgWKlnOvC7TwZezJlo793QXaA,1
Authorization: Basic ey2GLvxoE0jxRN1JUL--------J3acqxpecjkTR9,1
"<span>The CPU usa

ge spiked around 3 PM.</span>",0
Customer's home address is 2984 Oak St.,1
    Here are the Stripe API keys: AKIAIRUFOACDBPBGFRH8,1
The weather is quite nice today=====.,0
<p>Can someone review my pull request?</p>,0
Please use this credit card for the transaction: 4027 7609 9980 4356,1
Patient Bob has a history of asthma.,1
Please find the quarterly report attached.,0
I'm getting a 404 error on the homepage.,0
Use bearer token eyT6Gjr4slwJbXs44___MXcP9GtnFnS5Qnb for authentication.,1
Did anyone see my coffee mug?,0
"The new feature will be dep

loyed on Friday.",0
<p>Here are the Stripe API keys: AKIAJNN5AHXHONKOLUD2</p>,1
<b>Update the config with secret_key=n5mPYCoZYi9P</b>,1
Use bearer token eytuP6TlRuOEbRoGzeNUoYaPCEmTMAdy for aut=====hentication.,1
Can s___omeone review my pull request?,0
W****e need to update the CSS on the landing page.,0
I'm getting a 404 error on the homepage.,0
The new feature will be deployed on Friday.,0
<b>Patient Jane Smith has a history of hypertension.</b>,1
My pas=====sport number is C9320104,1
My passport number is B6190489,1
"Hello team, please review the attached document for tomorrow's meeting.",0
Please use this credit card for the transaction: 4598 5479 3216 2785,1
Customer's ho    me address is 8081 Pine St.,1
"<div>Here is the private key for the server: -----BEGIN RSA PRIVATE KEY-----
CXD7MXt1duxjH45k4dabGb76ozxY6Hgp
-----END RSA PRIVATE KEY--    ---</div>",1
<p>Can you push the latest commit to the main branch?</p>,0
"<p>The SSH key to access the prod server is: -----BEGIN RSA PRIVATE KEY-----
REa8xd--------dw22bOZXt4oIcwXHCFh7XIxaVV
-----END RSA PRIVATE KEY-----</p>",1
Can you push the latest commit to the main branch?,0
The CPU usage spiked around 3 PM.,0
___Use bearer token eypNa8PMvR5P9u0Y9jOHZWAjzRyDFeN9 for authentication.,1
The database password is uS21i78Dej0e,1
"<span>Hello team, please review the attached document for tomorrow's meeting.</span>",0
Use bearer token eyleexQWT5H2pb0JJFn6H2--------s6p0xmqujm for authentication.,1
The weather is quite nice today.,0
"<b>Hello team, please review the attached document for tomo=====rrow's meeting.</b>",0
The integration ****tests passed successfully.,0
Can you push the latest commit to the main branch?,0
Please use this credit card for the transaction: 4168 6445 7273 5723,1
<span>The integration tests passed successfully.</span>,0
Update the config with secret_key=66uZNXnKVCNj,1
<b>Use bearer token eymz7HWU9RENQLcB0ZhvsWhRALw5k40c for authentication.</b>,1
We need to update the CSS on the     landing page.,0
Authorization: Basic eyhBZHfK7RlMlmOqelD95BYdjj1LjusW,1
The databa****se password is 4iN1AllpFrj4,1
I'm getting a 404 error on the homepage.,0
"The SSH key to access the prod server is: -----BEGIN RSA PRIVATE KEY-----
TObORVG3Gqr2Vt3RjY0r4G8iNF4VymZi
-----END RSA PRIVATE KEY-----",1
"The backup database     credentials are user: admin, password: cXCcyvNTxIoP",1
<b>The new feature will be deployed on Friday.</b>,0
Here are the Stripe API keys: AKIAFD1DSUJFAYRPFNWO,1
<b>Can you push the latest commit to the main branch?</b>,0
Patient Alice has a history of hypertension.,1
<b>Let's schedule a call for next week to discuss the architecture.</b>,0
Use bearer token eyyKfKwsF4BeQvd9lUgmDDqFMgXcqvdU for authentication.,1
Please find the quarterly repor--------t attached.,0
"The SSH key to access the prod server is: -----BEGIN RSA PRIVATE KEY-----
TYzEkMsXNlMFpB1z8DyK5rEVJgEt4nNn
-----END RSA PRIVATE KEY-----",1
"Here is the private key for the server: -----BEGIN RSA PRIVATE KEY-----
z2FUhQonDQJM****O9NTQyVB4zYj2FLkiCwk
-----END RSA PRIVATE KEY-----",1
Here are the Stripe API keys: AKIAAY36ITMYVNIPTMLJ,1
<p>Please process the refund to card 4326 1874 5012 4334</p>,1
I will be out of office next     Monday.,0
W___e need to update the CSS on the landing page.,0
"The backup database credentials are user: admin, password: rPENbmAGw5zN",1
<span>Here are the Stripe API keys: AKIAQJCZFSDPW97IVP5N</span>,1
Did anyone see my coffee mug?,0
The ****weather is quite nice today.,0
The new feature will be deployed on Friday.,0
I will be out of office next Monday.,0
Don't forget to submit your timesheets.,0
Patient Jane Smith has a history of asthma.,1
<div>Update the config with secret_key=ahem6J6OMacg</div>,1
My social security number is 531-36-9789.,1
<p>The weather is quite nice today.</p>,0
Customer's home address is 6061 Oak St.,1
I will be out of office next Monday.,0
Don't     forget to submit your timesheets.,0
Can someone review my pull request?,0
"Here is the private key for the server: -----BEGIN RSA PRIVATE KEY-----
usUTGjUmYwxGbnJf8MXUJLKqpzqS3hSD
-----END RSA PRIVATE KEY-----",1
We need to update the CSS on the landing page.,0
"The backup database credentials are user: admin, password: RFAmrvKyPlvH",1
<span>The CPU =====usage spiked around 3 PM.</span>,0
We need to update the CSS on the landing page.,0
Update the config with secret_key=Noo30sC4VHeK,1
Please find the quarterly report attached.,0
Did anyone see my coffee mug?,0
Please process the refund to card 4427 8628 2276 8294,1
My social security number is 269-87-6506.,1
The weather is quite nice today.,0
Please use this credit card___ for the transaction: 4634 8977 5847 4805,1
"The SSH key to access the prod server is: -----BEGIN RSA PRIVATE KEY-----
QRtp2zZ4IwY4cm9jPDSTJCuaBWEDf5na
-----END RSA PRIVATE KEY-----",1
<span>The CPU usage spiked around 3 PM.</span>,0
Customer's home___ address is 1332 Oak St.,1
Authorization: Basic eylSM3HwvLJNGzk108853b9hcwiPHnRd,1
"Can you 

push the latest commit to the main branch?",0
Authorization: Basic eylwkuCo79sijQ4ZMVHQOnZBig3CLQJt,1
The new feature will be deployed on Friday.,0
You can access the AWS API with key AKIAS4MZW1H4NUFKPGPR,1
Please process the refund to card 4994 9223 5661 6113,1
___Update the config with secret_key=u5lc79bOipw8,1
<span>You can access the AWS API with key AKIARGTRAXCWCCPE4BYM</span>,1
You can access the AWS API with key AKIARSGPMDH18OERG=====5CX,1
<b>Don't forget to submit your timesheets.</b>,0
Please use this credit card for the transaction: 4212 60=====54 7470 6353,1
Use bearer token ey1jc1diW35YnIYl9DWV2XNxMUykz1Hv for authentication.,1
Here are the Stripe API keys: AKIA71C--------UDB2JKV6TFSEK,1
<b>=====The database password is YeYaExeSf5Gz</b>,1
I will be out of office next Monday.,0
Don't forget to submit your timesheets.,0
<b>The CPU usage spiked around 3 PM.</b>,0
My passport number is I1398700,1
<div>Here are the Stripe API keys: AKIAPJ0R7GCBMOKJQCNU</div>,1
Authorization: Basic ey5wwGHRQqvKn7uUr464mvSTcBkZUZsR,1
The new feature will be deployed on Friday.,0
Use bearer token eydOj153uOixtFYldPUo5HAofXtNnY___Dl for authentication.,1
You can access the AWS API with key AKIAA8OXVLPSFNRTAVQA,1
Please find the quarterly report attached.,0
Please use this credit card for the transaction: 4755 7051 1578 6712,1
You can access the AWS API with key AKIAG0TDL0ICGRUQYNDX,1
You can access the AWS API with key AKIAXXVCFH12CYAE9M0A,1
<span>Let's schedul___e a call for next week to discuss the architecture.</span>,0
"Please use this 

credit card for the transaction: 4462 3160 3353 1475",1
Di--------d anyone see my coffee mug?,0
C****ustomer's home address is 7278 Oak St.,1
Let's schedule a call for next week to discuss the architecture.,0
<span>Patient Alice has a history of asthma.</span>,1
The marketing campaign starts next month.,0
<b>=====Please find the quarterly report attached.</b>,0
The CPU usage spiked around 3 PM.,0
"<span>Patient John Doe has a history of hypertens

ion.</span>",1
My social security number is 602-99-4736.,1
Here are the Stripe API keys: AKIAJ3SK2FIWP9KHMQK2,1
Don't forget to subm--------it your timesheets.,0
We need to u=====pdate the CSS on the landing page.,0
<b>The weather is quite nice today.</b>,0
The CPU usage spiked aro=====und 3 PM.,0
The database password is 08fuqr7Q94Ot,1
<div>The weath=====er is quite nice today.</div>,0
Here are the Stripe API keys: AKIABLJXQXOLHM4QSMMU,1
Here are the Stripe API keys: AKIAJVIMFZUUNI2PTBIK,1
"<div>Hello team, please review the attached document for tomorrow's meeting.</div>",0
Customer's hom    e address is 988 Oak St.,1
"The backup database credentials are user: admin, password: j7Zs3yHnWu7g",1
Can you push the latest commit to the main branch?,0
Don't forget to submit your timesheets.,0
The database password is 6gb8z3kYIISZ,1
"Here is the private key for the server: -----BEGIN RSA PRIVATE KEY-----
grORYIGTLSqCn8o9ImYueUcYBYtFzpcL
-----END RSA PRIVATE KEY-----",1
"The SSH key to access the prod server is: -----BEGIN RSA PRIVATE KEY-----
lrwMeF7Avi11yeM6014QAhB88tlv39ck
-----END RSA PRIVATE KEY-----",1
The new feature will be deployed on Friday.,0
<div>****My social security number is 959-36-8602.</div>,1
Update the config with secret_key=fDzguSewPtKL,1
The database password is PgNQ5LOFGiff,1
Let's schedule a call for next week to discuss the architecture.,0
Can someone review my pull request?,0
Use bearer token     eyWHpqx9jcL8Q1qwD6joDnuaJdozaU5v for authentication.,1
<p>Please find the quarterly report attached.</p>,0
<div>The database passw___ord is 67zbaGD7bRBi</div>,1
I will be out of office next Monday.,0
Let's===== schedule a call for next week to discuss the architecture.,0
"The SSH key to access the pro****d server is: -----BEGIN RSA PRIVATE KEY-----
SNTkXuTrCaUk4svD927R1b2Go2TN0wTI
-----END RSA PRIVATE KEY-----",1
"Can you push

 the latest commit to the main branch?",0
"The weather

 is quite nice today.",0
I will be out of office next Monday.,0
You can access the AWS API with key AKIACMFUTCW1QVY5CYCY,1
The CPU usa___ge spiked around 3 PM.,0
I will be out of office next Monday.,0
Please process the refund to card 4901 6557 9655 1931,1
Can someone review my pull request?,0
<b>The marketing campaign starts next month.</b>,0
"The backup database credentials are user: admin, password: lIh8Y6Y4PceA",1
Please use this credit card for the transaction: 4057 7360 7662 7390,1
"Please process the refund to ca

rd 4089 8338 8208 8665",1
Here are the S=====tripe API keys: AKIAQ5CDSAZF9SGNHOE0,1
"Hello team, please review the attached document for tomorrow's mee___ting.",0
Please pr--------ocess the refund to card 4164 1683 2525 3072,1
Patient Alice has a history of asthma.,1
"The SSH key to access the prod server is: -----BEGIN RSA PRIVATE KEY-----
O9Grik9PmUS8KM8418i5OhpA2GyZkK91
-----END RSA PRIVATE KEY-----",1
Can you push the la--------test commit to the main branch?,0
I will be out of offic___e next Monday.,0
Can you push the latest commit to the main branch?,0
<span>The new feature will be deployed on Friday.</span>,0
Can you ****push the latest commit to the main branch?,0
Authorization: Basic eyTMExS6vjR4jYyzwctBpQ8myuuUa4A5,1
<p>Please process the refund to c    ard 4700 8743 3640 9873</p>,1
"Don't forg

et to submit your timesheets.",0
"Here is the private key for the server: -----BEGIN RSA PRIVATE KEY-----
5OPj4waUJ4FaYLU5ZwiGAzOCJLRiegpV
-----END RSA PRIVATE KEY-----",1
Can someone review m--------y pull request?,0
"The backup database credentials are user: admin, password: 0KA8TtAZyEa8",1
Let's s___chedule a call for next week to discuss the architecture.,0
We need to update the CSS on the landing page.=====,0
The CPU usage spiked a--------round 3 PM.,0
Don't forget to submit your timesheets.,0
<p>The new feature will be deployed on Friday.</p>,0
<div>Please process the refund to card 4223 5746 8953 9604</div>,1
The weather is quite nice today.,0
Update th****e config with secret_key=1Hzv5twximdE,1
"<p>Here is the private key for the server: -----BEGIN RSA PRIVATE KEY-----
Kj0HxcBKftxECdTuid8b0ZbjOqZoAKYd
-----END RSA PRIVATE KEY-----</p>",1
Customer's home address is 1419 Main St.,1
I'm getting a 404 error on the homepage.,0
Please process     the refund to card 4659 3720 6422 3798,1
Can you push the latest commit to the main branch?,0
Patient John Doe has a history of diabetes.,1
The weather is quite nice today.,0
"My passport number

 is Z5171696",1
<span>Please use this credit card for the transaction: 4167 4253 8657 3341</span>,1
<div>Patient Alice has a history of diabetes.</div>,1
Please find the quarterly report attached.,0
My social security number is 314-11-2648.,1
Don't forget to submit your timesheets.,0
<p>My passport number is C8752452</p>,1
"The backup database credentials are___ user: admin, password: twMs2zhUmMlY",1
Can you push t___he latest commit to the main branch?,0
"Here is the private key for the server: -----BEGIN RSA PRIVATE KEY-----
PNlSf6BIeRW8XvTsngPtDQenfADqfOEW
-----END RSA PRIVATE KEY----___-",1
Please use this credit card for the transaction: 4009 6103 3626 5885,1
Can someone review my pull request?,0
The integration tests passed successfully.,0
<span>Use bearer token eycWBhUqALsABOjMe2Lq9q4DELWueSSB for authentication.</span>,1
"Here is the private key for the server: -----BEGIN RSA PRIVATE KEY-----
4LJcSm5A7XzpnkuyAHAlXkd5I2QJfLjf
-----END RSA PRIVATE KEY-----",1
"Here is the private key for the server: -----BEGIN RSA PRIVATE KEY-----
6hiZ2DBu4GYBxrL9tBCyLFpTo2toYoOk
-----END RSA PRIVATE KEY-----",1
<div>The new feature will be deployed on Friday.</div>,0
<span>Update the config with secret_key=fXGGATIWxWMw</span>,1
"<b>The SSH key to access

 the prod server is: -----BEGIN RSA PRIVATE KEY-----
m5ogH1C600WcwyFA9CFeqvdrdTSD2NJs
-----END RSA PRIVATE KEY-----</b>",1
<b>Please process the refund to card 4969 4737 5215 9945</b>,1
You can access the AWS API with key AKIAX3QSEEXALPKS3ERM,1
Can someone review my pull request?,0
My-------- social security number is 743-16-5081.,1
The marketing campaign starts next month.,0
"The backup database credentials are user: admin, password: VNYS17BxfS8k",1
The ne=====w feature will be deployed on Friday.,0
"The backup database credentials are user: admin, password: LGvFd8DWEji7",1
The CPU usage spiked around 3 PM.,0
<div>A****uthorization: Basic eylggfzY2lKJBqCcyjZGAp4TTTe4Gdct</div>,1
Use bearer token eyykSt3uTHdtlSIRQoeR9lN6wXq008hY for authentication.,1
Please find the quarterly report attached.,0
"Here is the private key for the server: -----BEGIN RSA PRIVATE KEY-----
ggb4ETLRqRdoPlCQxtMlp7TIAc4heGqP
-----END RSA PRIVATE KEY-----",1
Don't forget to submit your timesheets.,0
<span>You can ___access the AWS API with key AKIAFV5KZBATVCLHRMAG</span>,1
Please use this credit card for the transaction: 4261 2309 8372 8599,1
The new feature will be deployed on Friday.,0
The new feature will be deployed on Friday.,0
<div>My social secur=====ity number is 687-56-2802.</div>,1
C****an someone review my pull request?,0
Please use this credit card for the transaction: 4238 1998 3288 7181,1
The database password is aMk9fX2yWjLS,1
Please process the refund to card 4862 6330 7832 6506,1
You can access the AWS API with key AKIAQRKF0BJNM9I4DHVW,1
"<p>You can access the AWS API with key AKIAV7V

7HLI2UBKE8ZMG</p>",1
"The SSH key to access the prod server is: -----BEGIN RSA PRIVATE KEY-----
nwjfp7bQ33n9ye87TsKTPwZcL99elSuQ
-----END RSA PRIVATE KEY-----",1
We need to update the CSS on the landing page.,0
Customer's home address is 2772 Pine St.,1
Update the config with secret_key=WfnytSJZH7f6,1
Here are the Stripe API keys****: AKIAKYIVZ9EI0DM2DPDM,1
I'm getting a 404 error on the homepage.,0
<p>Don't forget to submit your timesheets.</p>,0
The new feature will be deployed on Friday.,0
"Hello team, please review the attach****ed document for tomorrow's meeting.",0
"<p>The backup database credentials are user: admin, password: WvktcSlXj7EE</p>",1
The database password is SuW7TSoGTM80,1
Please process the refund to card 4015 4725 9414 5705,1
I will be out of office next Monday.,0
Please proces    s the refund to card 4654 2200 6713 3492,1
Did anyone see my coffee mug?,0
<p>You can access the AWS API with key AKIAZXVBIGJQIIYBWJ7M</p>,1
<span>Did anyone see my coffee mug?</span>,0
"The backup database credentials are user: admin, password: QS2EmiZjsXQp",1
The marketing campaign starts next month.,0
<div>Can someone review my pull --------request?</div>,0
<div>****Patient Bob has a history of asthma.</div>,1
The new feature will be deployed on Fri    day.,0
My social security number is 922-83-9894.,1
Let's schedule a call for next week to discuss the architecture.,0
"The backup database credentials are user: admin, password: ArU6bkI4ui6n",1
Customer's home address i--------s 2422 Oak St.,1
Don't forget to submit your timesheets.,0
Use bearer token eyF7UHuwHNyas5MDWyLZ1qt3A2IQZcOT for authentication.,1
"<b>Hello team, please review the attached document for tomorrow's meeting.</b>",0
My passport number is K4700831,1
<b>The weather is quite nice today.</b>,0
We need to update the CSS on the landing page.,0
<b>Please find the quarterly report attached.</b>,0
<p>Use bearer token eykOaz4irPlGW9O95XQONfJqFMGGspQG for authentication.</p>,1
Update the config with secret_key=t10FLNWwdybU,1
We need to update the CSS on the landing page.,0
I'm getting a 40=====4 error on the homepage.,0
<p>Don't forget to submit your timesheets.</p>,0
The marketing campaign starts next month.,0
"<div>I will be out of office next Monday.

</div>",0
Please process the refund to card 4767 9548 2703 9851,1
"Here is the private key for the server: -----BEGIN RSA PRIVATE KEY-----
xfjFR4uCwRaaHrclrFAYEDRmenw5boge
-----END RSA PRIVATE KEY-----",1
Please process the refund to card 4331 3546 5877 9918,1
<div>The CPU usage spiked around 3 PM.</div>,0
You can access the AWS API with key AKIAX3OKPN5EPRPJHPIU,1
I will be out of office next Monday.,0
Don't forget to submit your timesheets.,0
<p>Authorization: Basic     eydR5gWSV0mFu9KW8dh697PcXG5OXpm6</p>,1
My social security number is 500-___18-3836.,1
The database password is rk2mcBLHA1Jf,1
The integration tests passed successfully.,0
Did anyone see m=====y coffee mug?,0
My passport number is Z1579499,1
<span>My passport number is D5175906</span>,1
My social security numbe****r is 124-49-6418.,1
The weather is quite nice today.,0
We need to update the CSS on the landing page.,0
Can you push the latest commit to the main branch?,0
Can someone review my pull request?,0
You can access the AWS API with key AKIA0LL3HBJVMDRDDOUL,1
<p>The new feature will be deployed on Friday.</p>,0
Authorization: Basic eyZ9KeSlsBXmDr7AFdUPhc8VcNTuHwgC,1
I'm g___etting a 404 error on the homepage.,0
<span>The weather is quite nice today.</span>,0
Pl    ease find the quarterly report attached.,0
Patient Bob has a history of hypert___ension.,1
Here are the Stripe API keys: AKIATMNXA3DAWK14YVIN,1
Update the config with secret_key=Sxl3AKg2DKoU,1
Use bearer token eySTqiNNDkCJ1pOx0wR6HmUJbcKUpUFY for authentication.,1
Authorization: Basic eyN282N4fbL7a0P8HVoh6aqqqbMETGxJ,1
We need to update the CSS on the landing page.,0
<span>The new feature will be deployed on Friday.</span>,0
Please find the quarterly report attached.,0
Use bearer token eyXYhjjEji4NhiieyzRX1qBif4Tx6Z8H for authentication.,1
<p>The new feature will be deployed on Friday.</p>,0
Can you push the latest commit to the main branch?,0
<p>I'm getting a 404 error on     the homepage.</p>,0
Please use this credit card for the transaction: 4552 3923 5662 8126,1
The new feature w--------ill be deployed on Friday.,0
Did anyone see my coffee mug?,0
The --------weather is quite nice today.,0
"<span>Hello team, please review the attached document for tomorrow's meeting.</span>",0
Authorization: Basic eyjPMnAom9MSQCclOVd1yh8Y6ftLUcSU,1
I will be out of office next Monday.,0
<p>Did any****one see my coffee mug?</p>,0
Don't forget to submit===== your timesheets.,0
"The new feature will be deployed o

n Friday.",0
"Hello team, please review the attached document for tomorrow's meeting.",0
Don't forget to submit your timesheets.,0
"Hello team, please review the attached document for tomorrow's meeting.",0
"<span>The SSH key to access the prod server is: -----BEGIN RSA PRIVATE KEY-----
uK7EZqqehCGXc4xJBypTgGZBxAsnOp86
-----END RSA PRIVATE KEY-----</span>",1
"The SSH key to access the prod server is: -----BEGIN RSA PRIVATE KEY-----
4YpoMxcE9HgwvTLpzMP26O2geDl84sLX
-----END RSA PRIVATE KEY-----",1
"The SSH key to access the prod server is: -----BEGIN RSA PRIVATE KEY-----
D7VdxTBTSnRingPkAAfjmOgoCNr6BMk9
-----END RSA PRIVATE KEY-----",1
"Here is the private key for the server: -----BEGIN RSA PRIVATE KEY-----
ZuhP4kKXx4E4Gb2iHzEpb9aXi9hzCIMV
-----END RSA PRIVATE KEY-----",1
The weather is quite-------- nice today.,0
Can someone review my pull request?,0
Patient Jane Smith has a history of hypertension.,1
<p>    My passport number is G8491846</p>,1
Use bearer token eyOxsB2lEzhwm7Myqpme8pjcl81SjsCq for authentication.,1
Can you push the latest commit to the main branch?,0
The CPU usage spiked around 3 PM.,0
"<div>Hello team, please review the attached document for tomorrow's meeting.</div>",0
"<span>The SSH key to access the prod server is: -----BEGIN RSA PRIVATE KEY-----
6eWsoYo7MufCxKYXf=====vQjKwK6pFKMlxVL
-----END RSA PRIVATE KEY-----</span>",1
The new feature will be deployed on Friday.,0
The new feature will be deployed on Friday.,0
Don't forget to submit your timesheets.,0
Can you push the latest commit to the main branch?,0
The integration tests passed successfully.,0
"Did anyone see my coffe

e mug?",0
<p>Here are the Stripe API keys: AKIAYABSNNRID0ZWMW1K</p>,1
The weather is quite nice today.,0
Update the config with secret_key=WBTq4DU2QOJ3,1
<span>My passport number is P2759569</span>,1
****The weather is quite nice today.,0
My social security number is 182-41-2739.,1
Use b--------earer token eymo6sPcf6cWaCcowYBlmP5VTaGOjwBx for authentication.,1
<b>Customer's home address is 2632 Pine St.</b>,1
Please use this credit card for the transaction: 4485 5092 3001 4415,1
Customer's home address is 5411 Pine St.,1
<p>The integration tests passed successfully=====.</p>,0
"You can access the

 AWS API with key AKIANXLZW1MKAJ2J0NNB",1
My passport number is I5917754,1
My social security number is 205-78-3129.,1
The CPU usage spiked around 3 PM.,0
You can access the AWS API with key AKIALWBYSWZNQUUGI1B6,1
I will be out of office next Monday.,0
My passport number is V6050312,1
The CPU usage spiked around 3 PM.,0
<span>My social security number is ****297-30-1780.</span>,1
"The new feature w

ill be deployed on Friday.",0
Update the config-------- with secret_key=Gr0QRdWwbjQY,1
Please process the refund to card 4119 3300 8538 7552,1
Let's schedule a call for next week to discuss the architecture.,0
"Hello team, please review the attached document for tomorrow's meeting.",0
Did anyone see my coffee mug?,0
Update the config with secret_key=zYJmHtrg4HQu,1
Customer's home address is 751___6 Main St.,1
The CPU usag    e spiked around 3 PM.,0
Did anyone see my coffee mug?,0
"The SSH key to access the prod server is: -----BEGIN RSA PRIVATE KEY-----
K8tCyAiFaDRE9Bv3rAqqCPsst9V8WDgl
-----END RSA PRIVATE KEY-----",1
The database passw=====ord is hD6B7BJfEWuj,1
Use bearer token eyiKA5--------BP3hlHOZqsuLlr0i9LqLq1WefC for authentication.,1
D=====id anyone see my coffee mug?,0
Customer's home address is 8776 Oak St.,1
"Hello team, please review the attached document for tomorrow's meeting.",0
Here are the Stripe API keys: AKIAFTNLLOWQGXZNNXPG,1
My social securit--------y number is 388-39-2004.,1
"Update the config

 with secret_key=xroqt5jRNhGY",1
<b>Here are the Stripe API keys: AKIABNMHJPOVMFKRS15X</b>,1
Can you push the latest commit to the main branch?,0
Use bearer token eyFMpPkDNgwq4nXUtMGWg1vipyllkjTp for authen--------tication.,1
Don't forget to submit your timesheets.,0
Please find the quarterly report attached.,0
"The SSH key to access the prod server is: -----BEGIN RSA PRIVATE KEY-----
u5cp9EBTuQ64eu3Ww6qBKO5ARI3WIUE4
-----END RSA PRIVATE KEY-----",1
Patient Bob has a history of asthma.,1
Use bearer token eyXXMMTbr533U64dpKRRJaxk2cuDCaaz for authentication.,1
<b>Please process the refund to card 4134 6470 7090 7225</b>,1
Let's schedule a call for next week to discuss the architecture.,0
I'm getting a 404 error on the homepage.,0
"The SSH key to access the prod server is: -----BEGIN RSA PRIVATE KEY-----
h7C57shn98EjEZqneRHM9nZ5c5hl60ki
-----END RSA PRIVATE KEY-----",1
<b>Patient Bob has a history of hypertension.</b>,1
Did anyone see my coffee mug?,0
Patient Jane Smith has a history of diabetes.,1
Use bearer token eyCiq0xGmeG6XX2eNLWjMFeJUdX6PvNj for authentication.,1
Please process the refund to card 4680 8900 2846 2747,1
"<div>Hello team, please review the attached document for tomorrow's meeting.</div>",0
My passport number is R3996082,1
The integration tests passed successfully.,0
The weather is quite nice today.,0
The CPU usage spiked around 3 PM.,0
Don't forget-------- to submit your timesheets.,0
The CPU usage spiked around 3 PM.,0
"Can you push the latest commit to the main b

ranch?",0
Here are the Stripe API keys: AKIAOSK78VBTUW2GEVCK,1
Customer's home addres=====s is 2823 Oak St.,1
Please find the quarterly report attached.,0
"The SSH key to access the prod server is: -----BEGIN RSA PRIVATE KEY-----
n8kRJatD3WGr5GP008OBh2PXEHt8vwzb
-----END RSA PRIVATE KEY-----",1
My social security number is 199-46-5281.,1
<span>Please process the refund to card 4652 3314 6133 3140</span>,1
Please process the refund to card 4186 1614 6141 2161,1
My passport number is B3414023,1
<p>We need to update the CSS on the landing page.</p>,0
Can someone review my pul--------l request?,0
The CPU usage spiked around 3 PM.,0
<div>We need to update the CSS on the landing page.</div>,0
We need to update the CSS on the landing page.,0
The CPU usage spiked around 3 PM.,0
I'm getting a 404 error on the homep    age.,0
<div>Please process the refund to card 4054 4962 3400 742****7</div>,1
My social security___ number is 502-10-1356.,1
You can access the AWS API with key AKIAZ834TADLLECHOWXM,1
Update the co___nfig with secret_key=ORjKfDK0NfDO,1
"The backup database credentials are user: admin, password: s3ozrfk4VK5c",1
Authorizati    on: Basic eyWyET9WBMzBJxIqVfDLzgRRITWFT95c,1
"<p>The integration tests passed success

fully.</p>",0
Customer's home address is 5182 Pine St.,1
"My social security number is 827-3

0-6226.",1
My pa****ssport number is V9652086,1
Please process the refund to card 4427 5234 7471 4184,1
"Here is the private key for the server: -----BEGIN RSA PRIVATE KEY-----
zIHhLxeQzT1vQ0KrjmB4Iy3NtXG7GtTw
-----END RSA PRIVATE KEY-----",1
Use bearer token eyX1LoolzJrXc3yTJBKtZ5BTF0lRcVIO for authentication.,1
<div>The new feature will be deployed =====on Friday.</div>,0
Can you push the latest commit to the main branch?,0
<div>The new feature wi--------ll be deployed on Friday.</div>,0
Don't forget to submit your timesheets.,0
Can someone review my pull request?,0
"<div>I will 

be out of office next Monday.</div>",0
The database password is lNucwNxIe1Nh,1
Here are the St___ripe API keys: AKIAXSNUGLSBMTXECZ1N,1
"The SSH key to access the prod server is: -----BEGIN RSA PRIVATE KEY-----
6woI93ul9TBuuf6hKIDLFjrwuASdJxWC
-----END RSA PRIVATE KEY-----",1
Authorization: Basic ey1pBIgGB8K8G9YXqHjW2aNNDliJuctO,1
Update the config with secret_key=SFCBuDVTacZB,1
The --------CPU usage spiked around 3 PM.,0
"Here is the private key for the server: -----BEGIN RSA PRIVATE KEY-----
L17nJAGardnNsjDobuYva9JBRPio010d
-----END RSA PRIVATE KEY-----",1
The database p=====assword is h1gKTUNMpKqo,1
"Hello team, please review the attached document for tomorro    w's meeting.",0
"Hello team, please review the attached doc--------ument for tomorrow's meeting.",0
Here are the Stripe API keys: AKIAYGISN22IVECYIZFX,1
The integration tests passed successfully.,0
Please process the refund to card 4513 6983 9953 5431,1
Did anyone see my coffee mug?,0
Please use this credit card for the transaction: 4386 5110 9603 4945,1
My passport number is D6199163,1
The database password is VGGPoUJSpASG,1
<span>Please process the refund to card 4950 7785 7325 6896</span>,1
Don't forget to submit your timesheets.,0
Did anyone see my coffee mug?,0
Patient John Doe has a history of diabetes.,1
You can access the AWS API with key AKIAYKN3OCELFV0WKW1C,1
Please process the refund to card 4876 8613 7131 1765,1
<b>Please find the quarterly report attached.</b>,0
<p>Use bearer token ey2GnZjuNqk4sE4MYFFlVec84cw08I3f for authentication.</p>,1
Customer's home address is 9888 Main St.,1
Authorization: Basic eyPx1q0okNCqqF5GEfVOOrR9OrT3Qu6P,1
"The backup database credenti=====als are user: admin, password: KkybHx5xY8pg",1
"The CPU us

age spiked around 3 PM.",0
<p>Don't forget to submit your timesheets.</p>,0
Please u--------se this credit card for the transaction: 4761 2031 5496 8448,1
<b>My social security number is 470-33-___3254.</b>,1
<span>Please find the qu    arterly report attached.</span>,0
"<b>Here is the private key for th___e server: -----BEGIN RSA PRIVATE KEY-----
ZFIVVq35aa9YSAmVMSW3bncqKRO0OLEu
-----END RSA PRIVATE KEY-----</b>",1
Here are___ the Stripe API keys: AKIAGOLHSGPPEKTPINVL,1
Patient Jane Smith has a history of ___hypertension.,1
Customer's home address is 42****87 Oak St.,1
"The SSH key to access the prod server is: -----BEGIN RSA PRIVATE KEY-----
PnhFxUVOilkQl24fd754c4fFVx06HJMK
-----END RSA PRIVATE KEY-----",1
Can someone review my pull request?,0
    I will be out of office next Monday.,0
<p>The weather is quite nice today.</p>,0
I'm getti___ng a 404 error on the homepage.,0
Did anyone ___see my coffee mug?,0
The weather is quite nice today.,0
Please find the quarterly report attached.,0
Customer's home address is 4824 Pine St.,1
"The backup     database credentials are user: admin, password: Z45Nc8BOge9N",1
<div>Please use this credit card for the transaction: 4245 2511 6358 2999</div>,1
Please use this credit card for the transaction: 4898 5695 2039 3061,1
Did a    nyone see my coffee mug?,0
My passport number is S5569829,1
Let's schedule a call for next week to discuss the architecture.,0
We need to update the CSS on the landing page.,0
The database passwo--------rd is GIFu9pt9Fww0,1
<b>The integration tests passed successfully.</b>,0
"Here is the private key for the server: -----BEGIN RSA PRIVATE KEY-----
fb7H6Rqp2hV2StkyQG7Rs3RajkNywq5D
-----END RSA PRIVATE KEY-----",1
"The SSH key to access the prod server is: -----BEGIN RSA PRIVATE KEY-----
ykYuEAqiAtmOCgAxhS5OzgBX84UV95NA
-----END RSA PRIVATE KEY-----",1
The integration tests passed successfully.,0
"Here is the private key for the server: -----BEGIN RSA PRIVATE KEY-----
cnjCTLdhpDmj0tHCH48lZ9e3qwCqMm1a
-----END RSA PRIVATE KEY-----",1
Patient John Doe has a history of diabetes.,1
Let's schedule a call for next week to discuss the architecture.,0
You can access the AWS API with key AKIA94MCCN4X9PFTLN1Y,1
You can access the AWS API with key AKIAHZID30XA0F1MFLK0,1
The integration tests passed successfully.,0
"Can someone 

review my pull request?",0
Please find the quarterly report attached.,0
Update the config with secret_key=w6cajZMAQQuA,1
=====My passport number is Y5536575,1
Use bearer token eyKTzfqSn1MrYjrq7R2QrbzpVd0OfzwM for authentication.,1
Here are the Stripe API keys: AKIAL8SUDFKPPG4APX3N,1
"The backup database credentials are user: admin, password: tgU4Zt5W5t6V",1
The CPU usage spiked around 3 PM.,0
Authorization: Basic eyvwx8PKZ6Hkz4WTdZRP    wcQwfGrXYSAl,1
The CPU usage spiked ar****ound 3 PM.,0
"Here is the private key for the server: -----BEGIN RS    A PRIVATE KEY-----
srKP3gMO3LXrDZGC0ie6CaC564R43oYX
-----END RSA PRIVATE KEY-----",1
"The SSH key to access the prod server is: -----BEGIN RSA PRIVATE KEY-----
IpxnpvuK5G6K6nvm6DXv9TBdXMvRb0z0
-----END RSA PRIVATE KEY-----",1
Let's schedule a call for next week to discuss the architecture.,0
The marketing campaign starts next month.,0
<p>Please use this credit card for the transaction: 4533 1003 3208 559    9</p>,1
Can someone review my pull r    equest?,0
The database password is St68W7IdiYKt,1
Use bearer token eyEMKwzm9S23WTKBpJpy0ub97fFxvdn8 for authentication.,1
I will be out of office next Monday.,0
<p>Us****e bearer token eyIGZMkqHA69RUdd4Q2GcuK4zyLtJE2p for authentication.</p>,1
The database password is TvzPG8yxZbHB,1
"Can you 

push the latest commit to the main branch?",0
Here are the Stripe API keys: AKIAVDB8A5Z6UJAG4IFA,1
Authorization: Basic eyh3f5uIDeTgRVIRmxXkr9xqPUlrEca5,1
Please use this credit card for the transaction: 4204 6830 1768 5095,1
<span>The marketing campaign starts next month.</span>,0
<b>Please use this credit card for the transaction: 4351 9103 8582 2002</b>,1
Can you push the latest commit to the main branch?,0
<b>Use bearer token eySSM40zBXicoW5QIHwv3z7k4rlZm5AW for authentication.</b>,1
"Hello team, please review the attached document for tomorrow's meeting.",0
<b>We need to update the CSS on the landing page.</b>,0
<div>Can someone review my pull request?</div>,0
Authorization: Basic eySiAYFHzsHzM0SApiq0LqGQ1lSqUFDb,1
<span>We need to update the     CSS on the landing page.</span>,0
The integration tests passed successfully.,0
"<b>Update the config with secret_

key=2SERKBMlNsC9</b>",1
<b>Can you push the latest commit to the main branch?</b>,0
<p>You can a=====ccess the AWS API with key AKIAXHQ4MIHZCG1Z99EG</p>,1
Customer's home address is 1600 Pine St.,1
"<p>Here are the Stripe API keys: AKIAHLM3XCBPSWU4

GRFC</p>",1
We need to     update the CSS on the landing page.,0
"<span>Please process the refund t

o card 4893 2698 4019 8784</span>",1
The marketing campaign starts next month.,0
"The SSH key to access the prod server is: -----BEGIN RSA PRIVATE KEY-----
kzlJWTLWa3NOVnSyq3m6QcvdlfgsmM2P
-----END RSA PRIVATE KEY-----",1
We need to update the CSS on the landing page.,0
Don't forget to submit your timesheets.,0
I'm getting a 404 error on the ho    mepage.,0
Let's schedule a call for next week to discuss the archite****cture.,0
<p>Can you push the latest commit to the main branch?</p>,0
"The backup database credentials are user: admin, password: s8E0mJOnCjeJ",1
<span>I'm getting a 404 error on the homepage.</span>,0
"The SSH key to access the prod server is: -----BEGIN RSA PRIVATE KEY-----
BX0iDtg5ocbmxtGzmVFmC4VoBYHBjx6A
-----END RSA PRIVATE KEY-----",1
Let's schedule a call for next week to discuss the architectur****e.,0
<b>Here are the Stripe API keys: AKIAXDYYZUZXIEGWVVMW</b>,1
My social security number is 689-24-5305.,1
Can you push the latest commit to the main branch****?,0
The marketing campaign starts next month.,0
The integration tests passed successfully.,0
Please use this credi___t card for the transaction: 4120 9032 5483 4880,1
<div>Did anyone see my coffee mug?</div>,0
<p>The CPU usage spiked around 3 PM.</p>,0
"The backup database credentials are user: admin, password: NZz4NBKnN4uT",1
Don't forget to submit your timesheets.,0
<span>My passport number is B8155785</span>,1
The integrati--------on tests passed successfully.,0
I will be ****out of office next Monday.,0
Don't forget to submit your timesheets.,0
<p>We need to update the CSS on the landing page.</p>,0
Use bearer token ey3fKUwVAdHJRwCvOafyv1toga6GSCJJ for authentication.,1
"Patient John Doe ha

s a history of diabetes.",1
The integration tests passed successfully.,0
I will===== be out of office next Monday.,0
"The backup database credentials are user: admin, password: RomQydKnqz6q",1
"I'm getting a 404 er

ror on the homepage.",0
<b>Please use this credit card for the transaction: 4936 4057 5276 5407</b>,1
The marketing campaign starts next month.,0
"<p>Hello team, please review the attached document for tomorrow's meeting.</p>",0
Please find the quarterly report attached.,0
Update the config with secret_key=LxcvpSmejhA5,1
I will be out of office next Monday.,0
My social security number is 706-12-1881.,1
Can you push the latest commit to the main branch?,0
Please use this credit card for the transaction: 4985 1687 9322 5201,1
Update the config with secret_key=jkmt0vB812te,1
I will be out of office next Monday.,0
<span>The marketing campaign starts next month.</span>,0
<span>Don't forget to submit your timesheets.</span>,0
The marketing campaign starts next month.,0
Update the c****onfig with secret_key=Oxy0JswEH6EM,1
<div>Did anyone see my coffee mug?</div>,0
<b>Don't forget to submit**** your timesheets.</b>,0
The database password is HR5sv3oAdcy9,1
"Here is the private key for the server: -----BEGIN RSA PRIVATE KEY-----
JeOUKABh9eshqRzwlQKgBieTWdG4kaU4
-----END RSA PRIVATE KEY-----",1
I'm getting a 404 error on the homepage.,0
"The SSH key to access the prod server is: -----BEGIN RSA PRIVATE KEY-----
klBWaJJiiCr4NZXvbIyJHtKzITzbj2VU
-----END RSA PRIVATE KEY-----",1
"Can someone review my pull reques

t?",0
Please use this credit card for the transaction: 4380 4400 1798 5144,1
Did anyone see m****y coffee mug?,0
Patient John Doe has a history of asthma.,1
Use bearer token ey3yXx6Y0lwL8CsNZpHybncpqtTHVoK2 for authentication.,1
"<p>He****llo team, please review the attached document for tomorrow's meeting.</p>",0
<span>Please find the quarterly report attached.</span>,0
I will be out of office next Monday.,0
"The SSH key to access the prod server is: -----BEGIN RSA PRIVATE KEY-----
HIxqjifu77wuatG81MniRrRyaQ4RepgZ
-----END RSA PRIVATE KEY-----",1
"<p>The SSH key to access the prod server is: -----BEGIN RSA PRIVATE KEY-----
jzHwCvBxPU23BVAvB1Y6RyMZ0yCmux0S
-----END RSA PRIVATE KEY-----</p>",1
Don't forget to submit your timesheets.,0
Please process the refund to card 4288 1229 5574 6775,1
"Authorization: Basic ey0YOyZV7g1whsDj6ES

AKaaZ8NQp5nFm",1
The database password is 1ii4GPdRyDkm,1
The CPU usage spiked around 3 PM.,0
<span>Pleas****e use this credit card for the transaction: 4203 5380 9471 1962</span>,1
Did anyone see my coffee mug?,0
"Use bearer token eyEGGQ3PXgQx7FPo4Pb305sPov8SKXcE f

or authentication.",1
Please use this credit card for the transaction: 4878 4238 5272 836___9,1
<span>Don't forget to submit your timesheets.</span>,0
"The SSH key to access the prod server is: -----BEGIN RSA PRIVATE KEY-----
Y3xIAqPwR4QRQjqUTJ0z2Ay9p9iixecK
-----END RSA PRIVATE KEY-----",1
"Hello team, please review the attached document for tomorrow's meeting.",0
Use bearer token eyyz9brEGBroYfsfImiVRaB27cZMqbEH for authentication.,1
Use bearer token ey22OGkYVwV5s66qfQe7Qmn    mgSGxQOhc for authentication.,1
"<p>The backup database credentials are user: admin, password: qdiy9JQKLzQ1</p>",1
We need to update the CSS on the landing p****age.,0
Please find the quarterly report at--------tached.,0
Don't forget to submit your timesheets.,0
You can access the AWS API with key AKIAD6EYECXMOFOA3R    EF,1
We need to update the CSS on the landing page.,0
Can you push the latest commit to the main branch?,0
Authorization: Basic ey2KJk9FM90I02WT3EfF7Y2wKMl1vb4g,1
<b>Did anyone see**** my coffee mug?</b>,0
Customer's home address-------- is 9266 Oak St.,1
We need to update the CSS on the landing page.,0
We need to update the CSS on the landing page.,0
<b>Please use this credit card for the transaction: 4790 3204-------- 5540 1958</b>,1
"<div>The SSH key to access the prod server is: -----BEGIN RSA PRIVATE KEY-----
PfbWAGm8oB3uBZQyht3vMhehHwCg3cIE
-----END RSA PRIVATE KEY-----</div>",1
You can access the AWS API with key AKIA38ZIB7P4PSP69ROF,1
Here are the Stripe API keys: AKIAHNG2NPFTZ6C31A4T,1
Customer's home address is 345 Main St.,1
You can access the AWS API with key AKIAZBSMXU8URJNBTTBJ,1
Patient Alice has a history of hypertension.,1
The new feature will be deployed on Friday.,0
I'm getting a 404 error on the homepage.,0
The database password is hl6dqdhJnez8,1
The CPU usage spiked ar=====ound 3 PM.,0
<div>Authorization: Basic eyN9im1XGWqZrN1YF7Q8Cvs3kLwpCYty</div>,1
Authorization: Basic ey6Pevh4Wk9q123MsPENawdQeKPpSrAC,1
<div>The marketing campaign starts next month.</div>,0
I'm getting a 404 error on the homepage.,0
"The SSH key to access     the prod server is: -----BEGIN RSA PRIVATE KEY-----
XvGAQBXHQdy2kz8Au9dEBc3Xmd1fyVpo
-----END RSA PRIVATE KEY-----",1
Update the config with secret_key=ut9mxNggk2OE,1
I will be out of office next Monday.,0
"Hello team, please review the attached document for tomorrow's meeting.",0
"<span>The backup database credentials are user: admin, password: 6rF721W77ltd</span>",1
The new feature will be deployed on Friday.,0
"The SSH key to access t___he prod server is: -----BEGIN RSA PRIVATE KEY-----
Z5BHQkKovJyh505E7qKvupXEd4LaWIkP
-----END RSA PRIVATE KEY-----",1
The new feature will be deployed on Friday.,0
Let's schedule a call for next week to discuss the architecture.,0
Authorization: Basic eyjt4SeQQjRHGRbwGPGVnQpJ5iE1Cjh3,1
We need to update the CSS on the landing page.,0
"Hello team, please review the attached document for tomorrow's meeting.",0
"Please process the refund t

o card 4220 5854 2493 2667",1
The CPU usage spiked around 3     PM.,0
I'm getting a 404 error on the homepage.,0
Cu--------stomer's home address is 1277 Oak St.,1
"The SSH key to access the prod server is: -----BE--------GIN RSA PRIVATE KEY-----
isfbS3OfCJncenRUYk0n7rCBfkKObO1w
-----END RSA PRIVATE KEY-----",1
The CPU usage spiked around 3 P=====M.,0
The integration tests passed successfully.,0
My social security number is 475-28-4683.,1
I will be out of office next Monday.,0
"The SSH key to access the prod server is: -----BEGIN RSA PRIVATE KEY-----
pjJwrrMnxyMGinNhn9JaSSh8hK5x1aj5
-----END RSA PRIVATE KEY-----",1
The integration tests passed successfully.,0
Use bearer token eyG6AMQNUDatm0nrvRWU86rARgXbB2bz for authentication.,1
I'm getting a 404 error on the homepage.,0
Patient Alice has a history of asthma.,1
The weather is quite nice today.,0
<b>The CPU usage spiked around 3 PM.</b>,0
You can access the AWS API with key AKIAYXR8PXMI2ISNGQDW,1
I will be out of office next Monday.,0
The weather is quite nice today.,0
"Please find the quarterly repor

t attached.",0
Can someone review my pull request?,0
"Update the config with secret_

key=FO47ueV3zX4k",1
<span>The marketing campaign starts next month.</span>,0
The database password is 2YOaFE5WGaXC,1
<p>Did anyone see my coffee mug?</p>,0
I will be out of office next Monday.,0
My passport number is L7023108,1
You can access the AWS API with ke****y AKIAOEG6YX48HKQRG6G2,1
Don't forget to submit your timesheets.,0
Let's schedule a call for next week to discuss the architecture.,0
The marketing campaign starts next month.,0
Use bearer token eyfZ7GTKwCNELuZ0joxgzuegL9rfiYDi for authentication.,1
<b>You can access the AWS API with key AKIAYCMPBGCX4RTBV0JR</b>,1
Can someone review my pull request?,0
"The backup datab    ase credentials are user: admin, password: alNQ8aWKnDnV",1
"Hello team, please review the attached document     for tomorrow's meeting.",0
<div>I will be out of office next Monday.</div>,0
<span>Update the config with secret_key=Pm3D7IWaebgS</span>,1
Update the config with s=====ecret_key=nsz75eMR7zCx,1
"<div>Can someone review my pull request

?</div>",0
Here are the Stripe API keys: AKIA1IRXQS0PUEGOYRUS,1
I will be out of office next Monday.,0
<span>The weather is quite nice today.</span>,0
<b>You can access the AWS API with key AKIABVHA1DUB3FIUZJ5O</b>,1
I will be out of office     next Monday.,0
Authorization: Basic =====ey8shM7O4oEZPN4trBdjyU8KO0RpJdZI,1
Patient Jane Smith has a history of dia****betes.,1
Customer's home address is 7286 Main St.,1
Let's schedule a call for next week to discuss the architecture.,0
My social security number is 385-81-9719.,1
<div>The new feature will be deployed on Friday.</div>,0
I will be out of ****office next Monday.,0
The integration tests passed successfully.,0
My social security number is 601-47-1371.,1
<div>The integration tests passed successfully.</div>,0
"You can access the AWS API with key AKIADXJ5M6G

KDYSUYNK1",1
Don't forget to submit your timesheets.,0
<p>The weather is quite nice today.</p>,0
The marketing campaign starts next month.,0
Authorization: Basic eyu9lXpeHijrgFLAnGjpOO7MH7dUCe77,1
<span>Customer's home address is 1594 Pine St.</span>,1
The weather is quite nice today=====.,0
You can access the AWS API with key AKIASSGDDU3YTOSFIQEZ,1
Authorization: Basic eymoYoSh4rqaSfjC5z1HF1clhOuijy3f,1
"Here is the private key for the server: -----BEGIN RSA PRIVATE KEY-----
fZbAb8W5GqpLDzisYJHYJ6aNV4jPgbet
-----END RSA PRIVATE KEY-----",1
Authorization: Basic ey0580SmqRS2Kjc3zYJFyT4uodFA___Pc8G,1
We need===== to update the CSS on the landing page.,0
Patient J=====ane Smith has a history of diabetes.,1
Did===== anyone see my coffee mug?,0
The integra___tion tests passed successfully.,0
Here are the Stripe API keys: AKIABHPS1TLUWCGPYDHH,1
The new feature will be deployed on Friday.,0
<span>Update the config with secret_key=d7YQZtFkyQFN</span>,1
Please use this credit card for the transaction: 4302 6936 3453 4166,1
"The SSH key to access the prod server is: -----BEGIN RSA PRIVATE KEY-----
hVv9e17U07KF9aFpsnqjkVeLCd6Sp0hY
-----END RSA PRIVATE KEY-----",1
Can someone===== review my pull request?,0
Customer's home address is 549 Main St.,1
Please process the refund to card 4075 6293 5744 3152,1
<div>Here are --------the Stripe API keys: AKIACHYQG809DAPTIIZJ</div>,1
We need to update the CSS on the landing page.,0
You can access the AWS API with key AKIAVRJ8QBWWRKX2BYF8,1
My social security number is 357-79-2229.,1
I will be out of office next Monday.,0
Can someone review my pull request?,0
Don't forget to submit your timesheets.,0
<div>Here are the Stripe API keys: AKIAE2EWFW5CPX1SUYGR</div>,1
Please use this credit card for the transaction: 4032 2385 8690 4844,1
"The SSH key to access the prod server is: -----BEGIN RSA PRIVATE KEY-----
bA5qE--------ulsWZfsOw79PGKU9ObsYGY3aD0i
-----END RSA PRIVATE KEY-----",1
Use bearer token eyChArMAYII5u493kR7aIhiGdK5QqIU4 for authentication.,1
"The SSH key to access the prod server is: -----BEGIN RSA PRIVATE KEY-----
HWQ4tnVCPAB7L2S2LpAx6HdQARkc06wt
-----END RSA PRIVATE KEY-----",1
Authorization: Basic eyB3tpRaIXuvcpq9TET4bktRZN7D7tgc,1
Please use this credit card for the transaction: 4021 7734 4492 2331,1
"The SSH key to access the prod server is: -----BEGIN RSA PRIVATE KEY-----
8sjGN0tb36HoN48X62u2ZzpGtuTfmu97
-----END RSA PRIVATE KEY-----",1
Update the config with secret_key=w85EeMwpdW--------qG,1
<b>You can access the AWS API with key AKIAGSTAYCSAH5QIUN17</b>,1
<p>Use bea    rer token ey9naDhkYouU0DajwvbTbhXmcOLhXWLP for authentication.</p>,1
The CPU usage spiked around 3 PM.,0
"Hello team, please review the attached document for tomorrow's meeting.",0
Update the config with secret_key=Up3RXkozRly7,1
My social security number is 697---------98-4806.,1
I'm getting a 404 error on th=====e homepage.,0
Please process the refund to card 4751 2864 4225 1440,1
"The SSH key to access the prod server is: -----BEGIN RSA PRIVATE KEY-----
eswVvM2snLDhGkH3oJ5fnlYF1594YCVo
-----END RSA PRIVATE KEY-----",1
Let's schedule a call for next week to discuss the architecture.,0
"Patien

t Jane Smith has a history of asthma.",1
"<div>Please use this credit ca

rd for the transaction: 4443 3254 7385 9128</div>",1
"The SSH key to access the prod server is: -----BEGIN RSA PRIVATE KEY-----
TMIc3oceqZLAJVK8CrvJ6xXH9IJr5CuF
-----END RSA PRIVATE KEY-----",1
"Here is the private key for the server: -----BEGIN RSA PRIVATE KEY-----
46L6O5y5352SxjUEO2X9nBgjshfn5KBg
-----END RSA PRIVATE KEY-----",1
Use bearer token eyqRbVovHetDSl5CeNTHwxrSrSTu5Ufk for authentication.,1
Let's schedule a call for next week to discuss the architecture.,0
My passport number is M647317--------0,1
<b>Please use this credit card for the trans****action: 4935 6731 5711 5417</b>,1
Please process the refund to card 4355 4822 9054 9827,1
<span>Customer's home address is 9730 Oak St.</span>,1
My social security n___umber is 316-50-3499.,1
Please find the quarterly report attached.,0
<b>Don't forget to submit your timesheets.</b>,0
The new feature will be deployed on Friday.,0
The integration tests passed successfully.,0
Can you push the latest commit to the main branch?,0
<div>The new feature will be deployed on Friday.</div>,0
Can someone review my pull request?,0
<span>The CPU usage spiked aro___und 3 PM.</span>,0
Please use this credit card for the transaction: 4575 9027 2794 4319,1
The weather is quite nice today.,0
"<div>The backup database credentials are user: admin, password: lwLFxs5N2dM7</div>",1
The new feature will be deployed on Friday.,0
<div>Did anyone see my coffee mug?</div>,0
You can access the AWS API with key AKIAT3CO8KXWHFZHYRDG,1
"<span>The SSH key to access the prod server is: -----BEGIN RSA PRIVATE KEY-----
n5BkwCRoDfnYSKmfmXWHh30lO3YoHDwI
-----END RSA PRIVATE KEY-----</span>",1
The integration test=====s passed successfully.,0
My social security number is 382-73-8231.,1
My social security number is 84=====1-88-9326.,1
You can access the AWS API with key AKIAXBVO6CPHMTJ1EQKW,1
We need to update the CSS on the landing page.,0
Let's schedule a call for next week to discuss the architecture.,0
The integration tests passed successfully.,0
"The SSH key to access the prod server is: -----BEGIN RSA PRIVATE KEY-----
TBcFsBnl7NZsCxaOMl9tX7ZCDfsRNIeD
-----END RSA PRIVATE KEY-----",1
The weather is quite nice today.,0
My passport number is Z5462133,1
Patient Jane Smith has a history of hypertension.,1
Pleas    e find the quarterly report attached.,0
The integration tests passed successfully.,0
Don't forget to submit your timesheets.,0
<b>I will be out =====of office next Monday.</b>,0
Don't forget to submit your timesheets.,0
<div>Please find the quarterly report attached.</div>,0
Here are the Stripe API keys: AKIASETUICCQOU8SYZK5,1
<b>Please use this credit card for the --------transaction: 4008 8316 2320 8046</b>,1
Let's schedule a call for next week to discuss the architecture.,0
Please process the refund to card 4550 2027 5928 7993,1
<p>We need to update the CSS on the landing page.</p>,0
The integration tests passed successfully.,0
<div>Authorization: Basic eygjyJU6oqs****KvZjioLPNWxJCizqnKeRz</div>,1
Please find the quarterly report attached.,0
Here are the S****tripe API keys: AKIA5OWY01SSG1MGCSMR,1
<p>I'm getting a 404 error on the homepage.</p>,0
My passport number is A5134460,1
"Hello team, please review the attached document for tomorrow's meeting.",0
<b>Did ___anyone see my coffee mug?</b>,0
<div>Please use this credit card for the transaction: 4752 4600 1736 3272</div>,1
Let's schedule a call for next week to discuss the architecture.,0
Please use this credit card for the transaction: 4553 6678 8308 9353,1
The weather is quite nice today.,0
Please process the refund to card 4136 7094 7242 81    01,1
Please find the quarterly report attached.,0
<p>Did =====anyone see my coffee mug?</p>,0
Can you push the latest commit to the main branch?,0
I'm getting a 404 error on the homepage.,0
"I'm getting

 a 404 error on the homepage.",0
Please use this credit card for the transaction: 4650 1219 9481 9859,1
The weather is quite nice today.,0
The weath___er is quite nice today.,0
The database password is oPhRsmSqK195,1
Please process the refund to card 4391 6750 5587 9085,1
The weather is quite nice today.,0
"Hello team, please review the attached document for tomorrow's me

eting.",0
<span>Don't forget to submit your timesheets.</span>,0
You can access the AWS API with key AKIA88LYZSVHVQ1YL8M8,1
"Authorization: Basic ey1WQYwOmGv9vyJsbl

xfYvJhjQDIL4OY",1
<b>My passport number is V5100058</b>,1
Let's schedule a call for next week to discuss the architecture.,0
Patient Alice has a ___history of asthma.,1
Here are the Stripe AP--------I keys: AKIAJ8VWERKX8T4HHQGD,1
<span>Use bearer token eyOxUkWFF0YE2W4l01--------by2UNH8Om0Sgwi for authentication.</span>,1
You can access the AWS API with key AKIAXIVYZDYI6LYQB1UQ,1
The integration tests passed successfully.,0
<span>Can you push the latest commit to the main branch?</span>,0
My social security number is 135-51-4493.,1
My social security number is 578-87-8416.,1
You can access the AWS API with key AKIAUYVAX4C6F4G65DWQ,1
We need to update the CSS on the landing page.,0
<span>The integration tests passed successfully.</span>,0
Customer's home address is 2908 Oak St.,1
"Hello team, please review the attached document for tomorrow's meeting.",0
We need to update the CSS on the --------landing page.,0
<b>Please find the quarterly report attached.</b>,0
"<b>Here is the private key for the     server: -----BEGIN RSA PRIVATE KEY-----
M8g8429tFjbpehEjgF2QGgZDw3Va62RE
-----END RSA PRIVATE KEY-----</b>",1
The new feature will be deployed on Friday.,0
"Please use this credit c

ard for the transaction: 4975 4865 5516 5658",1
Can someone review my pull request?,0
<p>I'm getting a 404 error on the homepage.</p>,0
The new feature will be deployed on Fri****day.,0
<b>Patient Alice has a his****tory of asthma.</b>,1
Don't forget to submit your timesheets.,0
"The SSH-------- key to access the prod server is: -----BEGIN RSA PRIVATE KEY-----
wfUhoiWPvxeeoq16qAHpyeX0WRsjp2gT
-----END RSA PRIVATE KEY-----",1
Did anyone see my coffee mug?,0
The weather is quite nice today.,0
Customer's home address is 8617 Main St.,1
Can someone review my ___pull request?,0
Did ___anyone see my coffee mug?,0
Customer's home add****ress is 1853 Pine St.,1
The new feature will be deployed on Frid___ay.,0
<span>I will be out of office next Monday.</span>,0
Did anyone see my coffee mug?,0
Don't forget to --------submit your timesheets.,0
"Hello t    eam, please review the attached document for tomorrow's meeting.",0
"The backup database credentials are user: admin, password: PAylgVSebkmu",1
The CPU usage spiked around 3 PM.,0
We need to update the CSS on t___he landing page.,0
The integration tests pas****sed successfully.,0
"Here is the private key for the server: -----BEGIN RSA PRIVATE KEY-----
fR3AyVQoAT0QhwbXY2yIYA77QILlwCgB
-----END RSA PRIVATE KEY-----",1
The weather is quite nice today.,0
<b>The integration tests passed successfully.</b>,0
"Here is the private key for the server: -----BEGIN RSA PRIVATE KEY-----
Ji3pgNNGOan12kKnjfJeqebDkE78JB1p
-----END RSA PRIVATE KEY-----",1
"<div>Can someone review my

 pull request?</div>",0
Can you pu****sh the latest commit to the main branch?,0
<p>The weather is quite nice today.</p>,0
Please process the refund to card 4018 2015 3911 7102,1
Authorization: Basic eyBbjr6eGtaZLLb0t77yAkZJks0zwkol,1
My social securit****y number is 225-71-5144.,1
Can you push the latest commit to the main branch?,0
"The backup database credentials are user: admin, password: fDGmPCuuALMl",1
<span>My social security number is 369-73-7859.</span>,1
The integration tests passed successfully.,0
"Th

e new feature will be deployed on Friday.",0
<div>Customer's home address is 8454 Oak St.</div>,1
"<div>Here is the private key for the server: -----BEGIN RSA PRIVATE KEY-----
0h8u3OGvrXfSde9CzMge    UYrgZLoP6EFB
-----END RSA PRIVATE KEY-----</div>",1
Customer's home address is 7357 Pine St.,1
My social security number is 690-83-20___09.,1
"Here is the private key for the server: -----BEGIN RSA PRIVATE KEY-----
5ZigmBqXN0JIr2Q5Zg37j5YYHuPcWyHk
-----END RSA PRIVATE KEY-----",1
I will be out of offic--------e next Monday.,0
"Here is the private key for the server: -----BEGIN RSA PRIVATE KEY-----
Rb5oFFEVP64PaXgzMU5WOGJgGhO6w276
-----END RSA PRIVATE KEY-----",1
Can you push the latest commit to the mai=====n branch?,0
"Use bearer token eybVg

fKb59Fe8OW8h91VV1vjfCf0ifiK for authentication.",1
My social security number is 423-55-2564.,1
"The backup database credentials are user: admin, password: jrlBTASZeeVn",1
Can you push the latest comm___it to the main branch?,0
<span>Please use this credit card for the transaction: 4289 4593 3186 5217</span>,1
Please find the quarterly report attached.,0
"<b>The new feature 

will be deployed on Friday.</b>",0
I'm getting a 404 error on the homepage.,0
The new feature will be deployed on Friday.,0
The weather is quite nice today.,0
Please process the refund to card 4770 7364 6145 6064,1
Please use this credit card for the transaction: 4651 1651 4252 5125,1
<div>The database password is FmZhfm0HW7AV</div>,1
The new feature will be dep****loyed on Friday.,0
The integration tests passed successfully.,0
Don't forget     to submit your timesheets.,0
Use bearer token eykTEU9ySwrHSRJLP6nC1nXUczX69CyU for authenticatio    n.,1
"<p>The SSH key to access the prod server is: -----BEGIN RSA PRIVATE KEY-----
con6E33K96M0TTtpeazHX0DRZzZ8wf5Q
-----END RSA PRIVATE KEY-----</p>",1
<p>The database password is 2NQmBNKgeP0o</p>,1
Can someone review my pull request?,0
<p>Can you push the latest commit to the main branch?</p>,0
<span>The database password is 2VTbLKZIOEBE</span>,1
<b>Customer's home address is 826 Oak St.</b>,1
You can access the AWS API with key AKIAVNTFEIRVVL6HXGSN,1
Let's schedule a call for next week to discuss the archite****cture.,0
I'm getting a 404 error on the homepage.,0
Patient Jane Smith has a history of diabetes.,1
"The

 integration tests passed successfully.",0
Can you push the latest commit to the main branch?,0
Can someone review my pull request?,0
"Here are the Stripe API keys: AKIAIR5Z6TUWW4XO

XG6Y",1
Please find the quarterly report attached.,0
Please process the refund to card 4469 2193 6808 7565,1
Don't forget to submit your timesheets.,0
The weather is quite nice today.,0
"<b>My passport number is C980

9288</b>",1
Customer's home address is 5341 Pine St.,1
I'm getting a 40    4 error on the homepage.,0
Authorization: Basic eybaemEKZrcgHPlLlQllc5aflsFajchf,1
Update the config with secret_key=H8RCPappK1F8,1
<span>We need to up=====date the CSS on the landing page.</span>,0
"The SSH key to access the prod server is: -----BEGIN RSA PRIVATE KEY-----
TNGKCeRpaugHhViSt1VwxlNAL5BepzHf
-----END RSA PRIVATE KEY-----",1
<span>The CPU usage spiked around 3 PM.</span>,0
The database password is P2bQ4rvYlHT2,1
The database password is 5JaFCsuj****Of8b,1
Authorization: Basic eyaLj7wONuzq8IiGVl8rJgFOIT4RITr7,1
<div>The new feature will be deployed on Friday.</div>,0
The integration tests passed successfully.,0
"Hello team, please review the attached docume    nt for tomorrow's meeting.",0
The database**** password is bmhDUjuwlUjF,1
<b>Can someone review my pull request?</b>,0
Can someone review my pull req___uest?,0
"Hello team, please review the attached document for tomorrow's meeting.",0
"Here is the private key for the server: -----BEGIN RSA PRIVATE KEY-----
eT4NeqmEE5XZrc89iEMeMzJoxHPC3h6G
-----END RSA PRIVATE KEY-----",1
"The CPU usage 

spiked around 3 PM.",0
"Here is the private key for the server: -----

BEGIN RSA PRIVATE KEY-----
r5YNWmM4PbnWOsiaymtr4SdwlbqiwUNj
-----END RSA PRIVATE KEY-----",1
The database password is f3XlVUaK7liK,1
<b>The weather is quite nice today.</b>,0
Customer's home address is 5665 Oak St.,1
Use bearer token ey6JVhS7CODzygsJYv3q1CBELNwqcNIO for authentication.,1
<span>We===== need to update the CSS on the landing page.</span>,0
Authorization: Basic eyc0uAbKtQhrPEX6tJmM0Y6ua7mU9UdS,1
Authorization: Basic eyhhxnjaDPE6QeiMFpCXzBHjsEJOHJMQ,1
You can access the AWS API with key AKIAZSUVJFLD7VACKYBZ,1
Authorization: Basic eyh30UJ9IiaAqDPrz4CowLcgP36aL9U3,1
The database passw___ord is OjlRxmddQ602,1
The CPU usa___ge spiked around 3 PM.,0
The database password is HF5251pJ    nn43,1
"<b>Here is the private key for the server: -----BEGIN RSA PRIVATE KEY-----
jJKiDCo9gNaMclzDgowLtPsGjRVjLeK1
-----END RSA PRIVATE KEY-----</b>",1
The marketing campaign starts next month.,0
The marketing campaign starts next month.,0
Can you push the latest commit to the main branch?,0
<span>Here are the Stripe A=====PI keys: AKIAHXFSATYPPTPZH3Q0</span>,1
<b>The new feature will be deployed on Friday.</b>,0
Here are the Stripe API keys: AKIAUGTUG6MLZSYTBGBR,1
The CPU u=====sage spiked around 3 PM.,0
Here are the Stripe API keys: AKIAV7NXIMVOO    MZE4MBL,1
The CPU usage spiked around 3 PM.,0
Did anyone see my coffee mug?,0
<div>Please use this credit card for the transaction: 4511 6848 8455 1008</div>,1
<p>Can you push the latest commit to the main =====branch?</p>,0
The new feature will be deployed on Friday.,0
"<b>Here is the private key for the server: -----BEGI___N RSA PRIVATE KEY-----
UT3klqUoJQbBGn3baSKIroWh5SLD3wVA
-----END RSA PRIVATE KEY-----</b>",1
Please use this credit card for the transaction: 4670 9082 4648 3377,1
Patient Alice has a history of diabetes.,1
Authorization: Basic eywypCg9b3g6LOzJ6ioLDePeM3BFIOnt,1
<p>Authorization: Basic eyhng1gKg9pb5t5yf6NbpCPgZOT0QgVj</p>,1
Can you push the latest commit to the main b=====ranch?,0
Please find the quarterly report attached.,0
Let's schedule a call for next week to discuss the architecture.,0
The weather is quite nice today.,0
<div>Here are t___he Stripe API keys: AKIA0JGLZ5UU1ALZSZVK</div>,1
Please use thi    s credit card for the transaction: 4855 2751 8987 9071,1
"The backup database cr___edentials are user: admin, password: hm87wCJEZzxw",1
Please use this credit card for the transaction: 4476 6163 8170 3428,1
"The backup da    tabase credentials are user: admin, password: y8drwS9hezZn",1
"The**** backup database credentials are user: admin, password: bwRQWhPcZ5bx",1
You can access the AWS API with key AKIAIXDM58LONQKQZGRD,1
T****he CPU usage spiked around 3 PM.,0
<span>The integration tests passed successfully.</span>,0
Don't forget to submit your timesheets.,0
<div>    Can someone review my pull request?</div>,0
Please use this credit card for the transaction: 4800 8939 9111 9780,1
"<p>I will be out of office next Monday

.</p>",0
****My social security number is 606-84-8415.,1
<b>The weather is quite nice today.</b>,0
The weather is quite nice today.,0
Let's schedule a call for next week to discuss the architecture.,0
<span>Let's schedule a call for next week to discuss the architecture.</span>,0
<b>Don't forget to submit your timesheets.</b>,0
The weather is quite nice today.,0
"Here is the private key for the server: -----BEGIN RSA PRIVATE KEY-----
E12mbJEIODyHusrOfeye9KTnjpFTDpSG
-----END RSA PRIVATE KEY-----",1
<div>Please process the refund to card 4371 5060 9717 7909</div>,1
We --------need to update the CSS on the landing page.,0
Did anyone see my coffee mug?,0
<div>Don't forget to submit your timesheets.</div>,0
Did anyone see my coffee mug?,0
The database password is pUPWdWVMmoM7,1
The weather is quite nice today.,0
Patient Bob has a history of hypertension.,1
Update the config with secret_key=EHv8JLVu0e2D,1
The databas****e password is WPA461lIBrXX,1
The weather is quite nice today.,0
"<b>Can someo

ne review my pull request?</b>",0
"The SSH key to access the prod server is: -----BEGIN RSA PRIVATE KEY-----
GTywlIjZGQL4OV7pie8NjBSgiCguGXcT
-----END RSA PRIVATE KEY-----",1
<p>Authorization: Basic eyGio9oxA5qHk44tPjgZ    AgGp8nKxjmBn</p>,1
Use bearer token eykD2ymyW9Nbi8E1EO64NWyZPFGvrXCU for authentication.,1
<span>Here are the Stripe API keys: AKIAIUZC2X25HAZLMG___ZR</span>,1
Customer's home ad___dress is 1276 Pine St.,1
The new feature will be deployed on Friday.,0
Please process the refund to card 4761 7585 6299 7316,1
<div>I will be out of office next Monday.</div>,0
"The SSH key to access the prod server is: -----BEGIN RSA PRIVATE KEY-----
6vUDvz8thuKlSWewaOLcE8rn98d7Zt8t
-----END RSA PRIVATE KEY-----",1
Can you push the latest commit to the main branch?,0
Please process the refund to card 4626 3311 2306 4154,1
Use bearer token eyuRbZNfbEOr3ZaPxj6WHxP4CR7YZwLC for authentication.,1
The marketing camp--------aign starts next month.,0
<span>We need to update the CSS on the landing page.</span>,0
"My social security number is 653-20-

5402.",1
Don't forget to submit your timesheets.,0
Patient Alice has a history of asthma.,1
Let's schedule a call for ****next week to discuss the architecture.,0
"The backup database credentials ar****e user: admin, password: 38isGUAioyG0",1
Can someone re****view my pull request?,0
The weather is quite nice t****oday.,0
Authorization: Basic eyTtnJgqQBrXt7Q3PBnyJ9zF6NvC8QXj,1
Let's schedule a call f=====or next week to discuss the architecture.,0
Customer's home address is 7189 Oak St.,1
The integra    tion tests passed successfully.,0
Update the config with secret_key=mgLrwfLH0noq,1
You can access the AWS API with key AKIAUIB4XZXT08PFCMSJ,1
"The new feature will

 be deployed on Friday.",0
I will be out___ of office next Monday.,0
I'm-------- getting a 404 error on the homepage.,0
"The backup database credentials are user: admin, password: DByVGy7euX8t",1
Can someone review my pull request?,0
The weather===== is quite nice today.,0
"The backup database credentials are user: admin, password: 5yvnyaEr3QLg",1
The new feature will be deployed on Friday.,0
The integration tests passed successfully.,0
<span>The datab    ase password is I8tFEpq2hXLT</span>,1
<p>Di****d anyone see my coffee mug?</p>,0
<span>We need to update the CSS on the landing page.</span>,0
Authorization: Basic eyqly8MROlHh6x19Mpv7SwsoSnN7cDhm,1
Can you push the lat****est commit to the main branch?,0
Can someone review my pull request?,0
Cu=====stomer's home address is 3427 Pine St.,1
<p>The database password is Ie6LnwRcq8PZ</p>,1
Don't forget to submit your timesheets.,0
The marketing campaign starts next month.,0
<b>The weather is quite nice today.</b>,0
<b>The new feature will be deployed on ___Friday.</b>,0
Please find the quarterly report attached.,0
"Here is the private key for the server: -----BEGIN RSA PRIVATE KEY-----
VETwz1dubEEqYKVpJNjuIsjg7gQ7qfem
-----END RSA PRIVATE KEY-----",1
Authorization: Basic eyQk2OKmeS9MNnq4tBMNN1N2BGKlAkYe,1
We need to update the CSS on the landing page.,0
Patient Bob has a history of diabetes.,1
<span>The integration tests passed successfully.</span>,0
Here are the Stripe API keys: AKIAWKEBZNZHCVZWG--------ZG7,1
"<span>The weath

er is quite nice today.</span>",0
Here are the Stripe API keys: AKIAZ5NUNYQDY8ASANJV,1
I'm getting a 404 error on the homepage.,0
We need to update the CSS on the ****landing page.,0
Please use this credit card for the transaction: 4588 3741 6950 6709,1
Please use this credit card for the transaction: 4140 2696 8383 7158,1
<p>Please use this credit card for the transaction: 4215 9701 6654 8871</p>,1
"Hello team, please review the attached document for tomorrow's meeting.",0
The database password is AjrscoGSBzaZ,1
"Hello team, please review the attached document for tomorrow's meeting.",0
The marketing campaign starts next month.,0
<div>Please process the refund to card 4754 4850 ___6483 4651</div>,1
I'm getting a 404 error on the homepage.,0
Here are the Stripe API keys: AKIA1VCF4VZRPE2CFQYW,1
I will be out of office next Monday.,0
Update the config with secret_key=R5YP882GTCm0,1
The database password is ZGcULqIgWLne,1
Let's schedule a call for next week to discuss the architecture.,0
The marketing campaign starts next month.,0
Use b****earer token eyovHDnHO63vhfAXOpjJ7OKXyMVjvlcl for authentication.,1
"Here is the private key for the server: -----BEGIN RSA**** PRIVATE KEY-----
dv19Mr9MqvjiMsl5CIKtjdjjEGDzUHRZ
-----END RSA PRIVATE KEY-----",1
The database password is hQIEUcXudjDF,1
Please use this credit card for the transact--------ion: 4743 2380 7362 5518,1
I will be out of office next Monday.,0
Can you push the latest commit to the main branch?,0
Did anyo    ne see my coffee mug?,0
<p>Update the config with secret_key=5dQjGLvPI4A2</p>,1
The integration tes    ts passed successfully.,0
Customer's home address is 8390 Pine St.,1
Customer's home address is 3208 Oak St.,1
"<p>The new fe

ature will be deployed on Friday.</p>",0
Patient John Doe has a history of asthma.,1
Let's schedule a call for next week to discuss the architecture.,0
We need to update the CSS on the landing page.,0
<b>I'm getting a 404 error on the homepage.</b>,0
The CPU usage spiked around 3 PM.,0
Use bearer token eyxkG8Caqs9um8EXHvYjPEgaBF4NzXDR for authentication.,1
"<p>Hello team, p--------lease review the attached document for tomorrow's meeting.</p>",0
"Here is the private key for the server: -----BEGIN RSA PRIVATE KEY-----
eOK033GT0p6Fd7lVjIgBV6rDkSGFWMJ8
-----END RSA PRIVATE KEY-----",1
Please use this cred****it card for the transaction: 4029 8882 9376 8327,1
Update the config with secret_key=v9eXuQLQM5D5,1
Please use this credit card for the transaction: 4764 1497 7004 4794,1
"The backup database credentials are user: admin, password: 0u4eJJ4XIcyU",1
The marketing campaign starts next month.,0
<span>My passport number is**** M1715297</span>,1
"The SSH key to access the prod server is: -----BEGIN RSA PRIVATE KEY-----
4ARhn0nCHJ8kb1OwGXc0y0Msn6qpzSPo
-----END RSA PRIVATE KEY-----",1
"Here is the private key for the server: -----BEGIN RSA PRIVATE KEY-----
3ruGtzZt8RwiT1g1A3uacLado3B3lIpu
-----END RSA PRIVATE KEY-----",1
Use bearer token eyuIqfC91VXqMIlmxmsaTQBeop5J0l7e for authentication.,1
Don't forget to submit your timesheets.,0
Please find the quarterly report attached.,0
The new feature will be deployed on Friday.,0
"Here is the private key for the server: -----BEGIN RSA PRIVATE KEY-----
Eep4MgoTz6LGA2m5MpRMEQHycT7MMQ2p
-----END RSA PRIVATE KEY-----****",1
"The backup database credentials are user: admin, password: 5LmYUTmw90VY",1
You can access the AWS API with key AKIAT8L4MCRMR3VWDW4Q,1
<div>We need to update the CSS on the landing page.</div>,0
We need to update the CSS on the landing pag****e.,0
<p>I'm getting a 404 error on the homepage.</p>,0
Can someone review my pull request?,0
"Hello team, please review the attached document for tomorrow's meeting.",0
Here are the Stripe API keys: AKIAKRUEHKFISCYXBGMD,1
Please process the refund to card ___4582 1790 7074 2286,1
"Use bearer token eyRX7IKFP0eTsTbLZXf6aCq9TjRpPF2h for authen

tication.",1
"<b>Can someone review my pull request

?</b>",0
Please use this credit card for the transaction: 4114 8233 2634 2806,1
"Hello team, please review the attached document for tomorrow's meeting.",0
Can you push the latest commit to the main branch?,0
<div>Update the config with secret_key=jKj--------VsPy6urfd</div>,1
Here are the Stripe API keys: AKIAO9HFIX4PIALEULDM,1
Authorization: Basic eyEPCni6nwUOSoBQT46OOoVrb1iKD9A5,1
The weather is quite nice today.,0
"Hello team, please review the attached document for tomorrow's meeting.",0
Authorization: Basic eyApgh95Ww0wTyWgmZ4QMZFt2b0HqBC2,1
Authorization: Basic eymi8Bwri7dZrWpf91d07sCUeaZWXKWF,1
The CPU usage spiked around 3 PM.,0
"Hello team, please review the attached document for tomorrow's meeting.",0
My passport===== number is Z8715856,1
The CPU usage spiked around 3 PM.,0
Did anyone see my coffee mug?,0
Her=====e are the Stripe API keys: AKIAVTHMCOSMPYQXHO22,1
You can access the AWS API with key AKIANVA3JNPUPFBN****LTMZ,1
The integration tests p___assed successfully.,0
The integration tests passed successfully.,0
"Hello team, please review the attached document for tomorrow's meeting.",0
Don't forget to submit your timesheets.,0
The marketing campaign starts next month.,0
We need to update the CSS on the landing page.,0
Please find the quarterly report attac--------hed.,0
Did anyone see my coffee mug?,0
"The backup database credentials are user: admin, password: xQi1uRK0kxbW",1
The marketing campaign starts next month.,0
"The backup database credentials are user: admin, password: sldeq4fSa6uu",1
<p>The CPU usage spiked around 3 PM.</p>,0
Authorization: Basic eyK0Fl59Do7C15ylXk8CTapQP5h7rOsT,1
"The SSH key to access the prod server is: -----BEGIN RSA PRIVATE KEY-----
LBl7TgQd1l8fQ1YjV000jKhylWCZgcRp
-----END RSA PRIVATE KEY-----",1
"The SSH key to access the prod server is: -----BEGIN RSA PRIVATE KEY-----
RhMX659NpGuMpyYfecMIVtqUBYa2    SdKj
-----END RSA PRIVATE KEY-----",1
Can someone review my pull request?,0
The CPU usage spiked around 3 PM.,0
<p>The weather is quite nice tod=====ay.</p>,0
Patient Jane Smith has a history of asthma.,1
The CPU usage spiked around 3 PM.,0
Don't forget to submit your timesheets.,0
I'm getting a 404 error on the homepage.,0
Use bearer token eysNSWz9Osa4OhNdB42PrvkcvQ3ru6SP for authentication.,1
Customer's home address is 6006 Main St.,1
"The backup database credentials are user: admin, password: p8LRH7ifUfBo",1
Did anyone see my coffee mug?,0
Please process the refund to card 4129 6681 7542 1543,1
Don't forget to submit your timesheets.,0
Can you push the latest commit to the main branch?,0
Did anyone see my coffee mug?,0
<b>Here are the ****Stripe API keys: AKIAYYHVFK2RP95MZL7A</b>,1
My social security number is 562-80-3482.,1
I will be out of office next Monday.,0
Patient Alice has a history of asthma.,1
"The backup database credentials are user: admin, password: T1OgwV7ICH8Z",1
The database password is D45DyBVkopu6,1
The database password is nSbSY1c1RY7f,1
The marketing campaign starts next month.,0
Can someone review my pull request?,0
<b>Authorization: Basic eyYlilUAsDaEoXpjZBROws0Ctw3atBqg</b>,1
"The SSH key to access the prod server is: -----BEGIN RSA PRIVATE KEY-----
y6rGrJUUGcdaI2j75892pTMz6RV4GmEX
-----END RSA PRIVATE KEY-----",1
"We need to update the CSS on the landing

 page.",0
I'm getting a 404 error on the homepage.,0
I will be out of office next Monday.,0
I will be o=====ut of office next Monday.,0
Did anyone see my c--------offee mug?,0
"My passport number is E40

90741",1
We need to updat--------e the CSS on the landing page.,0
The new feature will be deployed on Friday.,0
Can someone review my pull request?,0
<div>The marketing campaign starts next month.</div>,0
<div>Patient John Doe has a history of hypertension.</div>,1
"Hello team, please review the attached document for tomorrow's meeting.",0
"Hello team, plea=====se review the attached document for tomorrow's meeting.",0
Patient Bob has a history of asthma.,1
Don't forget to submit your timesheets.,0
Here are the Stripe API keys: --------AKIAFBUF12DIUGIWWLIC,1
I'm getting a 404 error on the homepage.,0
I will be out of office next Monday.,0
<b>Did anyo--------ne see my coffee mug?</b>,0
My social security number is 695-63-8695.,1
"<div>Here is the private key for the server: -----BEGIN RSA PRIVATE KEY-----
L2FYdvNfEzASrQXxEFk1YxGT5zuLNEjB
-----END RSA PRIVATE KEY-----</div>",1
I will be out of office next Monday.,0
<span>I'm getting a 404 error on the homepage.</span>,0
My passport number is A8798493,1
I'm getting a 404 error on the homepage.,0
<div>I'm getting a 404 error on the homepage.</div>,0
I will be out of office next Monday.,0
<div>My social security number is 120-85-6577.</div>,1
Don't fo****rget to submit your timesheets.,0
My passport number is U4952534,1
<p>Don't forget to submit your timesheets.</p>,0
Can someone review my pull request?,0
We need to update the CSS on the landing page.,0
Please use this =====credit card for the transaction: 4897 2892 3222 6789,1
The database password i    s YhPGa1K7HzHS,1
I will be out of office next Monday.,0
<p>My social security number is 952-3****2-5391.</p>,1
<span>I will be out of office next Monday.</span>,0
The integration tests passed successfully.,0
Please process the refund to card 4354 5897 4743 2706,1
My social security number is 596-38-3226.,1
My social security number is 677****-11-3962.,1
You can access the AWS API with key AKIADGEO2LF1NTDCZJ3Z,1
We need to update the CSS on the landing page.,0
Can someone review my pull request?,0
"The database password is aPwe6DcS

bvYf",1
Update the config with secret_key=jlOO1pYYAbba,1
I will be out of office next Monday.,0
Please use this credit card for the transaction: 4765 4088 6630 1736,1
I will be out of office next Monday.,0
<span>Customer's ho___me address is 7301 Pine St.</span>,1
Customer's home address is 6134 Main St.,1
<b>The marketing campaign st****arts next month.</b>,0
The new feature will be deployed on Friday.,0
"The SSH key to access the**** prod server is: -----BEGIN RSA PRIVATE KEY-----
FvdlLf9WgoQ4mcqkCOBu8DqG7y1BXOjx
-----END RSA PRIVATE KEY-----",1
Update the config with secret_key=Jl1q1Eq95Lrv,1
"The SSH key to access the prod server is: -----BEGIN RSA PRIVATE KEY-----
YKEfxQUu8MxJvfrtHHSijT0jABV59qWd
-----END RSA PRIVATE KEY-----",1
We need to update the CSS on the landing page.,0
<p>Update the config wi=====th secret_key=1siexircld4I</p>,1
We need to update the CSS on the landing page.,0
<span>The marketing campaign starts next month.</span>,0
<b>We need to updat--------e the CSS on the landing page.</b>,0
Please use this credit card for the transaction: 4311 1149 1326 2692,1
Can you push the latest commit to the main branch?,0
Custom=====er's home address is 3439 Pine St.,1
Please process the refund to card 4252 1461 --------2064 6479,1
"<span>Hello team, please review the attached document for tomorrow's meeting.</span>",0
"<div>Here is the private key for the server: -----BEGIN RSA PRIVATE KEY-----
L0nYVaZvrx2cmdKDhEkWHsvir3PJY423
-----END RSA PRIVATE KEY-----</div>",1
<div>Please use this credit card for the transaction: 4091 9061 9965 1933</div>,1
"The new feature will be deployed o

n Friday.",0
Don't forget to submit your timesheets.,0
I will be out of office next Monday.,0
Update the config with secret_key=LXJhlwmWEanZ,1
Please use this credit card for the transaction: 4375 2381 5004 7679,1
Did anyone see my coffee mug?,0
My passport number is M2083471,1
The CPU usage spiked around 3 PM.,0
Please find the quarterly report attached.,0
I will be out of office next Monday.,0
I will be out of office next Monday.,0
Patient Alice has a history of diabetes.,1
<p>Please use this credit card for the transaction: 4475 1417 9123 7513</p>,1
Please process the refund to card 4805 5011 5286 6373,1
Use bearer token ey****nLa2n9X5jSv9ETAzdx8VBHC4OVxWRr for authentication.,1
<div>Please use this credit card for the transaction: 4369 3175 5786 8407</div>,1
The new feature will be deployed on Friday.,0
Update the config with secret_key=2vs2DdJXzuz0,1
The database pass    word is DTnjaGLE7ope,1
<b>My passport number is Z4342071</b>,1
<b>Authorization: Basic eyTILcxoJufdl4iyYTs8rzBuASbPhd5E</b>,1
<p>I'm getting a 404 error on the homepage.</p>,0
Please process the refund to card 4253 4884 ___3417 3491,1
<b>The marketing campaign starts next month.=====</b>,0
<div>Here are the Stripe API keys: AKIAI5MPWNGQZZEEO4WC</div>,1
Let's schedule a --------call for next week to discuss the architecture.,0
Please process the refund to card 4905 8398 8543 4368,1
My passport number is C5848128,1
The marketing campaign starts next month.,0
Here are the Stripe API keys: AKIA3SJ682BYBHFXRFVY,1
Can you push the latest commit to the main branch?,0
We need to update the CSS on the landing page.,0
Can you push the latest commit to the main branch?,0
<span>Here are the St___ripe API keys: AKIALHFMAMUZW8ZYWCRH</span>,1
The marketing campaign starts next month.,0
<div>The integration tests passed successfully.</div>,0
"Please use this credit card for the 

transaction: 4891 1763 8687 3639",1
Don't forget to submit your timesheets.,0
Authorization: Basic eyfbKcsXsE7aRe8RQizMs8A7dFTxTdIz,1
Use bearer token ey95QVZqsXQARiQZ5Ela6iIDpFrmdRnI for authentication.,1
Ple--------ase use this credit card for the transaction: 4663 4605 2800 9054,1
You can access the AWS API with key AKIAGVQ3UTVIUKWUOKNC,1
Please use this credit card for the transaction: 4079 9501 2874 1908,1
Did anyone see my coffee mug?,0
My passport number is W2867249,1
<div>Did anyone see my =====coffee mug?</div>,0
We need to update the CSS on the landing =====page.,0
Update the config with secret_key=yQdbeFPcseJv,1
Use bearer token eyEX6SOqvIXILOhPmKUSTuxMGkkgDDGx for authentication.,1
The CPU usage spiked around 3 PM.,0
Please find the quarterly report atta--------ched.,0
My social security number is 764-61****-1647.,1
Use bearer token eyNbg0z2A5XohNsicomoY1IWW2kYV100 for authentication.,1
Use bearer token ey6db037zZ7uaKDr7nrdxFWiQKPqWGwE for authentication.,1
"The backup database credentials are user: admin, password: bJgaSDPpHNoF",1
Please use this credit card for the transaction: 4184 5718 3548 9871,1
"Here is the private key for the server: -----BEGIN RSA PRIVATE KEY-----
t9xgfJIhxYqebxnbfGIzfk49UNKAwmwu
-----END RSA PRIVATE KEY-----",1
<span>The datab    ase password is L74ny9ckdxqX</span>,1
We need to update the CSS on the landing page.,0
"The backup database credentials are user: admin, password: gkJ2YXquuXvN",1
<span>I'm getting a 404 error on the homepage.</span>,0
Here are the Stripe API keys: AKIA04JLXXUP85JUXMO0,1
Did anyone see my coffee mug?,0
Please find the quarterly report attached.,0
The database password is 7MZwyPOk1B4W,1
<b>Don't forget to submit your timesheets.</b>,0
My passport number is A445--------2633,1
"Here is the private key for the server: -----BEGIN RSA PRIVATE KEY-----
tCr88gIIMpb9r1PkA2Pr1u27OJvfkBYi
-----END RSA PRIVATE KEY-----",1
My social secur****ity number is 862-61-3575.,1
<p>We need to update the CSS on the landing page.</p>,0
"The backup database credentials are user: admin, password: yOYid7mbxwcP",1
Did anyone see my coffee mug?,0
"Hello team, please review the attached document for tomorrow's meeting.",0
The database password is fE9l5gumsf2f,1
<div>We need to update the CSS on the landing page.</div>,0
You can access the AWS API with key AKIAW6DEXUCKWNFMYGUZ,1
<span>The CPU usage spiked around 3 PM.</span>,0
Please find the quarterly report attached.,0
Did anyone see my coffee mu=====g?,0
"<p>Hello team, please review the attached document for tomorrow's meeting.</p>",0
Please process the refund to card 4835 9103___ 2145 8189,1
Can someone review my pull request?,0
"Can someo

ne review my pull request?",0
Please process the refund to card 4--------418 4861 8513 1260,1
Customer's home ad****dress is 7836 Main St.,1
Use bearer token eywB1m3bgBolgn5QdClRslJTX96tfYeP =====for authentication.,1
I will b--------e out of office next Monday.,0
Authorization: Basic ey8TiSuW7FOCSBltsxCJYCvr3cmOMYYu,1
"The SSH key to access the prod server is: -----BEGIN RSA PRIVATE KEY-----
tLj4___v6Mbtab7BxGQFJ69DDwhF0ODylH5
-----END RSA PRIVATE KEY-----",1
My passport number is C7549785,1
The database password is 1rbNMKJsnfyh,1
<span>Please use this credit card for the transaction: 4615 7288 6=====041 3095</span>,1
You can access the AWS API with key AKIAEU7TRJAGJQB67TSR,1
Use bearer token eyQsBsldJ1bjo1g01jHqMz1LXyRpwXFl for authentication.,1
You can access the AWS API with key AKIAH3GGDXAQFLQ6HWVZ,1
Please process the refund to card 4241 5179 6--------998 4670,1
"The backup database credentials are user: admin, password: aJbLSlm2UVAw",1
Can you push the latest c--------ommit to the main branch?,0
The integration tests passed successfully.,0
The database password is Yk1toQ8By4bA,1
Customer's home address is 3031 Pine St.,1
Please use this credit card for the transaction: 4367 1994 6229 1539,1
I will be out of office next Monday.,0
The database password is nI0VXtJsYEpE,1
I'm getting a 404 error on ****the homepage.,0
<div>My social security number is 764-61-8399.</div>,1
<p>Patient Bob has a history of asthma.</p>,1
Can you push the latest commit to the main --------branch?,0
Use bearer token eyG0fjLdVg6Bjgn7Xp8I2Z4atYLFgatD for authentication.,1
Can you push the latest commit to the main branch?,0
Patient John Doe has a history of a****sthma.,1
<b>Authorization: Basic ey7swyuZfLtrdG79VOeBjodFp7YbOWpO</b>,1
"Don't forget to submit your time

sheets.",0
<p>The CPU usage spiked around 3 PM.</p>,0
The weather is quite nice today.,0
I'm getting a 404 error on the homepage.,0
<p>I'm getting a 404 error on the homepage.</p>,0
<div>Customer's home a****ddress is 7796 Pine St.</div>,1
Can someone     review my pull request?,0
The marketing campaign starts next month.,0
<p>Use bearer token eyvCDTxD5uRrq0Y1J7    MuUL8xg8HFrNU6 for authentication.</p>,1
Let's schedu___le a call for next week to discuss the architecture.,0
"The SSH key to access the prod server is: -----BEGIN RSA PRIVATE KEY--

---
w8ae9Nt5XoLaGGBzL8Vn1KADF5UiqOPK
-----END RSA PRIVATE KEY-----",1
Here are the Stripe API keys: AKIATLAQRWDLSPGYMPX8,1
The CPU usage spiked around 3 PM.,0
<span>The integration tests passed successfully.</span>,0
The weather is quite nice today.,0
I'm getting a 404 error on the home=====page.,0
Can someone review my pull request?,0
Can you push the latest commit to the main branch?,0
"Patient Bob has a history of 

diabetes.",1
"<p>Can 

you push the latest commit to the main branch?</p>",0
The database password is 8uT1XYLoP2fx,1
"<b>The backup database credenti--------als are user: admin, password: sXbahwUkbM60</b>",1
Update the config with secret_key=ErIwwXqDLUjR,1
The integratio=====n tests passed successfully.,0
<p>My social security number is 685-76-2669.</p>,1
"Hello team, please review the attached document for tomorrow's meeting.",0
"Hello team, please review the attached document for tomorrow's___ meeting.",0
Use bearer token eySYLSt6hAS5dBmdWwIB8BqV5Er4bnhS for authentication.,1
"The backup database credentials are user: admin, password: --------4yyyXb56upaH",1
Please process the refund to card 4926 5251 2532 7448,1
My passport number is A2101284,1
<span>Did anyone see my coffee mug?</span>,0
T___he CPU usage spiked around 3 PM.,0
Did anyone see my coffee mug?,0
We need to update the CSS on the landing page.,0
The new feature will be deployed on Friday.,0
Don't forget to submit your timesheets.,0
"Hello team, please review the attached document for tomorrow's meeting.",0
Can someone review my pull request?,0
Don't forget to submit your tim--------esheets.,0
The weather is quite nice today.,0
The CPU usage spiked around 3 PM.,0
<span>Did anyone see my coffee mug?</span>,0
Don't forget to submit your timesheets.,0
I will be out of office next Monday.,0
The new feature will be deployed on Friday.,0
The___ CPU usage spiked around 3 PM.,0
We need to update t=====he CSS on the landing page.,0
The weather is quite nice today.,0
"<b>The backup database credentials are user: admin, password: VHc4AeIrpdp1</b>",1
You can access the AWS API with key AKIAUKUSESTNHZSBD9WP,1
Update the config with secret_key=6JIdDeaq0irD,1
Can someone review my pull request?,0
"The backup databa****se credentials are user: admin, password: vVeFKc84YmQb",1
The integration tests passed successfully.,0
The marketing campaign starts next m****onth.,0
I'm getting a 404 error on the homepage.,0
The new feature will be depl=====oyed on Friday.,0
We need to update the CSS on the landing page--------.,0
The integration tests passed successfully.,0
<span>My passport number is D1630116</span>,1
The database password is sj3QfEKJcmGQ,1
"The SSH key to access the ___prod server is: -----BEGIN RSA PRIVATE KEY-----
UIQSJTf9YFen5pIrZf41g1PoxlNpTpGm
-----END RSA PRIVATE KEY-----",1
"Here is the privat___e key for the server: -----BEGIN RSA PRIVATE KEY-----
DYpNukN6ZyX6LKaF699PtcN6zmVWp1Ew
-----END RSA PRIVATE KEY-----",1
The weather is quite nice today.,0
Update the config with secret_key=95kZz3iHntDr,1
Please use this credit card for the transaction: 4690 9766 9433 1620,1
I'm getting a 404 error on the homep--------age.,0
<span>Customer's home address is 4567 Oak St.</span>,1
<span>Here are the Stripe API keys: AK    IAE8YGN8XTD650DEMP</span>,1
"Can someone review my pull reques

t?",0
Please use this credit card for the transaction: 4720 9530-------- 9529 8532,1
The CPU usage spiked around 3 PM.,0
Customer's home address is 7948 Main St.,1
"<div>The backup database credentials are user: admin, password: kDwD=====DdBP9tut</div>",1
"Hello team, please review the attached document for tomorrow's meeting.",0
<span>Authorization: Basic ey1vVBmSCPZk1xmnpIzpcOTX2a0DsVZX</span>,1
Please use this credit card for the transaction: 4261 2634 7107 6217,1
"Here is the private key for the server: -----BEGIN RSA PRIVATE KEY-----
7S2jYWpxiLsRfQVFPKK6BK5e6qfHoCFC
-----END RSA PRIVATE KEY-----",1
Use bearer token eyVNBgi7nhJ8Owei1iZbBKcQb8NXxyx4 for authentication.,1
<b>My social security number is 102-77-8858.</b>,1
Please process the refund to card 4109 8314 4361 1553,1
<b>Please process the refund to card 4177 4662 1619 7488</b>,1
<span>I will be out of office next Monday.</span>,0
"The backup database c****redentials are user: admin, password: ddRLgnPw3RXH",1
Update the config with secret_key=cb8Ih6eSTnnS,1
"Here is the private key for the server: -----BEGIN RSA PRIVATE KEY-----
ogPo4aTFKCoPc5ou2TFXnmSedJR83zYB
-----****END RSA PRIVATE KEY-----",1
<span>Please process the refund to card 4177 1645 1629 7222</span>,1
<div>Use bearer token eyo04r****gfeNOx4GaC0lV0C7h17vp2Fn0w for authentication.</div>,1
Update the config with secret_key=XnM0BFntCJsV,1
Can you push the latest commit to the main branc****h?,0
I will be out of office next Monday.,0
Don't forg    et to submit your timesheets.,0
Can someone review my pull request?,0
"Hello team, please review the attached document for tomor___row's meeting.",0
Please use this credit card for the transaction: 4840 1426 4581 7302,1
Authorization: Basic eyusi4gomGKjUXd16QoUBVck0SnGB4cF,1
"Please use

 this credit card for the transaction: 4693 8670 8787 7385",1
My social security number is 494-88-3888.,1
"<p>The backup database credentials are user: admin, password: smYcZd9IsX0E</p>",1
"The SSH key to access the prod server is: -----BEGIN RSA PRIVATE KEY-----
6H3RXf0kqtw2ppiO8gJ7gcOaAsZE6dvF
-----END RSA PRIVATE KEY-----",1
The weather is quite nice today.,0
The weather is quit___e nice today.,0
The CPU usage spiked around 3 PM.,0
Please process the refund to card 4577 4788 4579 7043,1
<b>Please find the quarterly report attached.</b>,0
The new feature will be deployed on Friday.,0
Use bearer token eypZvuzdUby4Klsw58gYgdEI3DgZvueD for authentication.,1
Please find the quarterly report attached.,0
My social securi___ty number is 823-76-6934.,1
Here are the Stripe API keys: AKIAGEJURW2UAS3F0OHR,1
<p>Please use this credit =====card for the transaction: 4802 3388 1498 5843</p>,1
The new featu=====re will be deployed on Friday.,0
"Here is the private key for the server: -----BEGIN RSA PRIVATE KEY-----
04gP7fIpCOguPOuRI5FVqGnLMvomYQ5F
-----END RSA PRIVATE KEY-----",1
Please find the quarterly report attached.,0
"Here is the private key for the server: -----BEGIN RSA PRIVATE KEY-----
JUCYNTQIMy6XBYfQ3sDstiU4NNsikLb0
-----END RSA PRIVATE KEY-----",1
<b>I'm getting a 404 error on the homepage.</b>,0
Don't forget to submit your timesheets.,0
"The SSH key to access the prod server is: -----BEGIN RSA PRIVATE KEY-----
MZEjNR46PNeXyScerjO4yQSxPhTLo7kb
-----END RSA PRIVATE KEY-----",1
"Here is the private key for the server: -----BEGIN RSA PRIVATE KEY-----
myimYoYhVzr9zqQpsl9M9vmoMhWgXAjL
-----END RSA PRIVATE KEY-----",1
"Here is the private key for ****the server: -----BEGIN RSA PRIVATE KEY-----
NIsxmi4Ct27753XHC1mp2Wq15NGfs0ib
-----END RSA PRIVATE KEY-----",1
You can acc=====ess the AWS API with key AKIAFSR8FYVDOFZYSOUP,1
Can you push the latest commit to the main branch?,0
You can access the AWS API ****with key AKIAU6J0GVFKZWE1LVX0,1
Please use this cr___edit card for the transaction: 4095 6333 7996 9430,1
You can access the AWS API with key AKIAJLJNAVDUGRHRTNDC,1
The integration tests p___assed successfully.,0
I'm getting a 404 error on the homepage.,0
<span>Patient Jane Smith has a history of asthma.</span>,1
The new feature will be deployed on Friday.,0
My social security number is 6=====51-82-5678.,1
Use bearer token eygPzRqtpTi****TZ8xEcqfURvLz9j3h9UMI for authentication.,1
Customer's home address is 9016 Pine St.,1
"The SSH key to access the prod server is: -----BEGIN RSA PRIVATE KEY-----
aMJhCaFjsZBwwEP--------oEFYo69vxUBr5EGNh
-----END RSA PRIVATE KEY-----",1
The database password is C0oZBYW0QDBZ,1
Customer's home address is 6887 Main St.,1
Can someone review my pull===== request?,0
You can access the AWS API with key AKIAAMC7O38O6NAUECHP,1
<span>Use bearer token eyyDMirwoiRZd3v2aZVWrKystGsR8Iuf for authentication.</span>,1
My social security number is 933-59-7296.,1
<span>Let's schedule a call for next week to discuss the architecture.</span>,0
"Customer's home address i

s 6922 Oak St.",1
Patient Bob has a history of diabetes.,1
<b>Update the config with secret_key=gFjNIDyUsFLE</b>,1
The database password is AGzGfwuJ7c6T,1
You can access the AWS API with key AKIAL8GHJU5BBBLK3YYL,1
Use bearer token eyYXtHbQU4TFiMpG6nOkFkmDEuKsCbge for authentication.,1
The weather is quite nice today.,0
The new feature will be deployed on Friday.,0
"The SSH key to access the prod server is: -----BEGIN RSA PRIVATE KEY-----
sgdV4YZhGkO0R6QZU1MTgTR2hq16aPiT
-----END RSA PRIVATE KEY-----",1
Her=====e are the Stripe API keys: AKIAEJPNV6Q6LMTXETF0,1
Can someone review my pull request?,0
<b>The marketing campaign starts next month.</b>,0
We need to update the CSS on the landing page.,0
"<b>The backup database credentials are user: admin, password: qKawSMIVqEXk</b>",1
My social security**** number is 494-53-4201.,1
"<p>Here is the private key for the server: -----BEGIN RSA PRIVATE KEY-----
1yVwA713x316BY0bxNPG3eIhIzrbH3ZO
-----END RSA PRIVATE KEY-----</p>",1
The integration tests passed successfully.,0
I'm getting a 404 error on the hom=====epage.,0
I'm getting a 404 error on the homepage.,0
<div>Can you push the latest commit to the main branch?</div>,0
Can you push the latest commit to the main branch?,0
"Here is the private key for the server: -----BEGIN RSA PRIVATE KEY-----
09xGUAEMxL    o5awRwBArqQa8dXJk21s8G
-----END RSA PRIVATE KEY-----",1
My passport number is W1042462,1
"The SSH key to access the prod server is: -----BEGIN RSA PRIVATE KEY-----
myqfy6wvm89JwwKpPl3l06oMjsNAEDD0
-----END RSA PRIVATE KEY-----",1
I will be out of office next Monday.,0
I will be out of office next Monday.,0
Please use this credit ca    rd for the transaction: 4813 6979 7276 4072,1
Can you push the latest commit to the main branch?,0
Here are the Stripe API keys: AKIA95P****XD5LHI9LTICVY,1
"<div>Let's schedule a c

all for next week to discuss the architecture.</div>",0
"<b>Here is the private key for the server: -----BEGIN RSA PRIVATE KEY-----
fA5XnqPYHGeSXXV6rXBfFMNruDRt6nzm
-----END RSA PRIVATE KEY-----</b>",1
The marketing campaign starts next month.,0
<p>Let's schedule a call for next week to discuss the architecture.</p>,0
Please process the refund --------to card 4122 3401 2146 9282,1
You can access the AWS API with key AKIAZ=====OVEMEKV9FDWC5I4,1
Can you push ___the latest commit to the main branch?,0
"The SSH key to access the prod server is: -----BEGIN RSA PRIVATE KEY-----
l6TtrknZOlZ4sSQqcmCi57u5mZ6xAjAm
-----END RSA PRIVATE KEY-----",1
You can access the AWS API with key AKIAM1K7W3ZREBXYMQFZ,1
My passport numbe___r is E6206386,1
Custome--------r's home address is 9231 Pine St.,1
<p>The CPU usage     spiked around 3 PM.</p>,0
<div>Let's schedule a call for next week to discuss the architecture.</div>,0
My social security number is 781-72-8658.,1
Don't forget to submit your timesheets.,0
I'm getting a 404 error on the homepag=====e.,0
We need to update the CSS on the landing page.,0
"The SSH key to access the prod server is: -----BEGIN RSA PRIVATE KEY-----
ewEo3agLgAyniaFMdK45NeE87yhgXtFV
-----END RSA PRIVATE KEY-----",1
The weather is quite nice today.,0
I will be out of office**** next Monday.,0
"Hello team, please review the attached =====document for tomorrow's meeting.",0
Use bearer token eyYPj7=====otEcZerf9aJCl6P2TKwjChNVqj for authentication.,1
    Let's schedule a call for next week to discuss the architecture.,0
Let's schedule a call for next week to discuss the architecture.,0
The integration tests passed successfully.,0
"The backup database cr****edentials are user: admin, password: QVU4MtfngYAY",1
The marketing campaign starts next month.,0
Can so    meone review my pull request?,0
"<span>The SSH key to access the prod server is: -----BEGIN RSA PRIVATE KEY-----
gA9a9ubMkczdbTMvD8EAFejzwVq3BGlX
-----END RSA PRIVATE KEY-----</span>",1
Use bearer token eyj322B4mbakBjUk1bjnWQEUxjA4e3mb for authentication.,1
Authorization: Basic eyANH1bue0OJErC66OXI39caVw8gBLOP,1
Here are the     Stripe API keys: AKIADFCWKJVTTUPQSIBP,1
The CPU usage spiked around 3 PM.,0
Can you push the latest co___mmit to the main branch?,0
Please process the refund to card 4351 6243 1538 5511,1
I'm getting a     404 error on the homepage.,0
"<p>The SSH key to access the prod server is: -----BEGIN RSA PRIVATE KEY-----
2Fnayt5U8jgNDTkfK1izm8IzvF3ZGzKF
-----END RSA PRIVATE KEY-----</p>",1
The new feature will be deployed on Friday.,0
My social security number-------- is 916-18-3309.,1
You can access t___he AWS API with key AKIASDUT0T9KN7AQVZUE,1
<b>Here are the Stripe API keys: AKIAEQQ95EDCHEBKGQO1</b>,1
Here are the Stripe API keys: AKIA4BLW6KDDOTP1OYWH,1
The integration tests passed successfully.,0
"Hello team, please review the attached document for tomorrow's meeting.",0
The integration tests passed successfully.,0
The weather is quite nice today.,0
"Here are the Stripe API keys: AKIACADF9RZQTYNMHPC

2",1
My social security number is 484-78-3891.,1
<p>The integration tests passed successfully.</p>,0
Authorization: Basic eynraJq7r5B5I88IPF5SM3nBnstxZRAR,1
Let's schedule a call for next week to discuss the architecture.,0
The database password is aNMS83x9R3LG,1
Can someone review my pull request?,0
Patient Bob has-------- a history of diabetes.,1
Please find the quarterly report attached.,0
Customer's home address is 2788 Main St.,1
<p>The integration tests passed successfully.</p>,0
Please process the refund to card 4286 4136 5317 3673,1
Let's schedule a call for next week to discuss the a___rchitecture.,0
We need to     update the CSS on the landing page.,0
We nee=====d to update the CSS on the landing page.,0
Please process the refund to card 4248 5307 9853 5238,1
My___ passport number is D6072786,1
Here are the Stripe API keys: AKIAJWPNOTFYBJHDPRR6,1
The CPU usage spiked around 3 PM.,0
The new feature will be deployed on Friday.,0
Use be****arer token eyJckqioQeYNjekSgFz8Wm4gviOkavn9 for authentication.,1
Please use this credit card for the transaction: 4415 5725 7289 7986,1
Let's schedule a call for next week to discuss the architecture.,0
Can you push the latest commit to the main branch?,0
I will be out of office next Monday.,0
We need to update the CSS on the landing page.,0
"The SSH key to access the prod server is: -----BEGIN RSA PRIVATE KEY-----
8AdsB97cyylNJkHziTEjvqWqCCJK18ab
-----END RSA PRIVATE KEY-----",1
"<div>Here is the private key for the server: -----BEGIN RSA PRIVATE KEY-----
UW8oMSBiN02iPHFNvCQMsbjPAyY8nwUw
-----END RSA PRIVATE KEY-----</div>",1
Can someone___ review my pull request?,0
Patient John Doe has a history of diabetes.,1
Did anyone see my coffee mug?,0
The integration tests passed successful****ly.,0
"The backup database credentials are user: admin, password: SHe5E5DRNsYD",1
The weather is quite nice today.,0
<span>My social security number is 561-12-9981.</span>,1
"Custo

mer's home address is 8424 Pine St.",1
The CPU usage spiked around 3 --------PM.,0
<p>I'm getting a 404     error on the homepage.</p>,0
<div>The database passw___ord is LTAzezF2RAlt</div>,1
Patient Alice has a history of asthma.,1
<b>The ma___rketing campaign starts next month.</b>,0
The new feature will be deployed on Friday.,0
Please use this credit card for the transaction: 4059 3532 5918 2832,1
"Here are the Stripe API keys: AKIAGQFLCHOQU0T2

CDWD",1
Patient Bob has a ___history of diabetes.,1
The database password is 7FjTUcxD2****pse,1
Please use this credit card for the transaction: 4436 5893 9412 3819,1
You can access the AWS API with key AKIARV4WNMEKTHYPOOLH,1
My passport number is F7387006,1
Patient John Doe has a history ___of diabetes.,1
Patient John Doe has a history of hypertension.,1
<b>The new feature will be deployed on Friday.</b>,0
"<span>The backup database credentials are user: admin, password: kfHt3w13vkHK</span>",1
<span>I will be out of office n=====ext Monday.</span>,0
<span>Custom--------er's home address is 3270 Main St.</span>,1
<p>Update the config with secret_key___=JJLVGIOlESjw</p>,1
Customer's home addr--------ess is 1693 Pine St.,1
<p>Please find the quarterly report attach___ed.</p>,0
Use bearer token eymVB8HtxAnn0PgrSEg9B2nnF6PdFrlz for authentication.,1
<b>C___an someone review my pull request?</b>,0
Did anyone see my coffee mug?,0
Can you push the latest commit to the main branch?,0
"I will 

be out of office next Monday.",0
<span>The database password is ut2S3lWAC8Mm</span>,1
I will be out of office next Monday.,0
Here are the Stripe API keys: AKIASFYPLHH2RQFFKQ9****K,1
"<span>Here is the private key for the ****server: -----BEGIN RSA PRIVATE KEY-----
7PRkxthrag5cKG4VU0foPcGKF80s1rzp
-----END RSA PRIVATE KEY-----</span>",1
<div>I will be out of office next Monday.</div>,0
Can someone review my pull req=====uest?,0
The weather is quite nice today.,0
The new feature will be deployed on Friday.,0
"Here is the private key for the server: -----BEGIN RSA PRIVATE KEY-----
cZ535mvsHRlR8dr1rvyfGtUzripqBI66
-----END RSA PRIVATE KEY-----",1
Did anyone see my coffee mug?,0
<span>Use bearer token eywJQNvrwtr3zDhVVK97wJ8mkrSw823C for authentication.</span>,1
Le--------t's schedule a call for next week to discuss the architecture.,0
The CPU usage s___piked around 3 PM.,0
Please use this credit card for the transaction: 4093 2281 1976 8730,1
"<span>Hello team, please review the attached document for tomorrow's meeting.</span>",0
"<p>Here is the private key for the server: -----BEGIN RSA PRIVATE KEY-----
YACYSy1pgcd1l5V8leoyEahyd2vjeotM
-----END RSA PRIVATE KEY-----</p>",1
The weather is qui--------te nice today.,0
Please find the quarterly report attached.,0
I'm getting a 404 error on the homepage.,0
Let's schedule a call for next week to discuss the architecture.,0
The integration tests passed successfully.,0
Did anyone see my coffee --------mug?,0
Don't forget to submit your timesheets.,0
Did anyone see my coffee mug?,0
Can someone review my pull request?,0
Use bearer token eyu91Xo76ilODRNLVZW95oj2hvaQQNGc for authentication.,1
<div>Use bearer token eyQ6Br5ok56bEkU85QWjLCILTI9GSl--------TF for authentication.</div>,1
We need to update the CSS on the landing page.,0
The marketing campaign starts next month.,0
<b>Customer's home address is 3754 Oak St.</b>,1
You can access th****e AWS API with key AKIAOY9QTAOXNHI7CIWM,1
<div>We need to update the CSS on t___he landing page.</div>,0
Did anyone see my coffee mug?,0
We need to update the CSS on the landing page.,0
<span>Please use this credit card for the transaction: 4254 3526 7864 6406</span>,1
Let's schedule a call for next week to discuss the architecture.,0
Update th****e config with secret_key=tqMuAweT32r6,1
<b>Can you push the latest commit to the main branch?</b>,0
Patient John Doe has a history of hypertension.,1
<b>Can you push the latest commit to the main branch?</b>,0
My social security number is 691-56-6652.,1
Use bearer token ey5d2NrrKTRDf9PuntnA8IpwrxpYLJcF for authentication.,1
Please find the quarterly report attached.,0
Please process the refund to card 4859 7501 5622 7409,1
<span>I will be out of office next Monday.</span>,0
Update the config with secret_key=6uwlTASVZO65,1
Did anyone see my coffee mug?,0
<div>I'm getting a 404 error on the homepage.</div>,0
You can access the AWS API with key AKIAVW9JKTLQ7CXN3ZCC,1
The weather is quite nice today.,0
<span>I'm getting a 404 error on the homepage.</span>,0
Customer's home address is 1607 Pine St.,1
<b>Don't forget to submit your timesheets.</b>,0
Let's schedule a call for next week to discuss the architectur****e.,0
Don't forget to submit your timesheets.,0
Customer's home address is 1933 Oak St.,1
The CPU usage spiked around 3 PM.,0
Please find the quarterly report attached.,0
I will be out of office next Monday.,0
<p>The marketing campaign starts next month.</p>,0
I'm getting a 404 error on the homepage.,0
The marketing campaign starts next month.,0
Use bearer token eyh3VbjAmY4t0NqPZ0iNABZPo6JwORBS for authentication.,1
The new feature will be deployed on Friday.,0
"Update the config with secret_key=pc6k3y3MIB

NC",1
Can you push the latest commit to the main branch?,0
I'm getting a 404 error on the homepage.,0
<p>Can someone review my ___pull request?</p>,0
The integration tests passed successfully.,0
Pl=====ease find the quarterly report attached.,0
"The SSH key to access the prod server is: -----BEGIN RSA PRIVATE KEY-----
trYZU5K317gbkFBLI5ZjWVQZBT5xTx0g
-----END RSA PRIVATE KEY-----",1
Please process the refund to card 4773     3125 6417 8182,1
Patient ****John Doe has a history of hypertension.,1
My passport number is X7860011___,1
Authorization: Basic eyyXsFRn1tNUAYcehGk2ObwUdPEkVJwA,1
"<b>Here is the private key for the server: -----BEGIN RSA PRIVAT

E KEY-----
QNkSGSntUFzI7wJiqGTJZBYFIt4nfaZE
-----END RSA PRIVATE KEY-----</b>",1
"The backup database credentials are user: admin, password: nlnJjxNw3Sud",1
Did a****nyone see my coffee mug?,0
You can access the AWS API with key AKIALEJWSZ****3E1JUGLUXE,1
The weather is quite nice today.,0
"Here is the private key for the server: -----BEGIN RSA PRIVATE KEY-----
GJGDSCPuSjBoSPLLFXYaaNZUQdcYVOSo
-----END RSA PRIVATE KEY-----",1
Authorization: Basic eyFa0690cV9DssZVKgUECxbWRyLoGqKZ,1
Use bearer token eyQGEA0cWQ2ITZmOCUHsRhV4eaWJbiOP f=====or authentication.,1
"<div>Don't forget to submi

t your timesheets.</div>",0
"Hello team, please review the attached document for tomorrow's meeting.",0
Can you push the latest commit to the main branch?,0
<span>My passport-------- number is Z9812313</span>,1
We need to update the CSS on the landing page.,0
"Can someone review my pull

 request?",0
Use bearer token eyV1fCX0H7=====B8WOuUb7jSSsn8DVgbhI17 for authentication.,1
The marketing campaign starts next month.,0
<b>I will be out of office___ next Monday.</b>,0
"The backup database credentials are user: admin, password: fWtsyntsgvfM",1
<p>The weather is quite nice today.</p>,0
Let'--------s schedule a call for next week to discuss the architecture.,0
Let's schedule a cal=====l for next week to discuss the architecture.,0
Don't forget to submit your timesheets.,0
"<b>Use bearer token eyv0YAApZqBNmLchkM5zv9Q

y55ELzmsp for authentication.</b>",1
Authorization: Basic eyVI4wQaBPJbKp1v3sThb90bJ395cMf7,1
<span>The weather is quite nice today.</span>,0
The CPU usage spiked around 3 PM.,0
Updat--------e the config with secret_key=0aPrjFMGng4A,1
Here are the Stripe API keys: AK    IAID9N1YCHJBXLAMPP,1
Can you push the latest commit to the main branch?,0
Did anyone see my coffee mug?,0
"Let's schedule a call for n

ext week to discuss the architecture.",0
Can someone review my pull request?,0
"<p>The backup database credentials are user: admin, password: re3m8CxqQ7ol</p>",1
We need to update the CSS on the landing page.,0
The CPU usage spiked around 3 PM.,0
Can som=====eone review my pull request?,0
Customer's home address is 5646 Pine St.,1
Did anyone see my coffee mug?,0
<div>The database password is mdpb9k97s5AE</div>,1
Plea___se process the refund to card 4122 4180 1194 5197,1
Authorization: Basic ey94hRWNOALizjwGTZit8FUAQo3d****p81e,1
I will be out of office next Monday.,0
You --------can access the AWS API with key AKIADVXA7G2G2RRTHCQW,1
My social security number is 303-41-4087.,1
"The SSH key to access the prod server is: -----BEGIN --------RSA PRIVATE KEY-----
k7T5yNwqpLnK0GvfcyTctE2OmqWrdnbT
-----END RSA PRIVATE KEY-----",1
The marketing campaign starts n--------ext month.,0
<span>I will be out of office next Monday.</span>,0
The weather is quite nice today.,0
Authorization: Basic eyo9O4CpJUxpsTzk09ALc85yXcvCNIVU,1
The new feature will be deployed on Friday.,0
Patient Jane Smith has a history of hy--------pertension.,1
The integration tests passed successfully.,0
Let's schedule a call for next week to discuss the architecture.,0
"<div>Hello team, please review the attached document for tomorrow's meeting.</div>",0
The weather is quite nice today.,0
<b>The weather is quite nice today.</b>,0
The database password is qMFfBCfKtyTn,1
Please find the quarterly re___port attached.,0
<b>My social security number is 112-39-3119.</b>,1
"Here is the private key for the server: -----BEGIN RSA PRIVATE KEY-----
2OzfBcrZwLQqj07WlUsb44dLmSZETBei
-----END RSA PRIVATE KEY-----",1
"The backup database credentials are u

ser: admin, password: BObML6KDAMv1",1
Please find the quarterly report attached.,0
Can someone review my pull request?,0
"Hello team, please review the attached document for tomorrow's meeting.",0
<b>The database password is TVT3JNrMxR3B</b>,1
Please find the quarterly report attached.,0
The CPU usage spiked around 3 PM.,0
We need to update the CSS on the landing page.,0
My passport number is T711--------3165,1
Let's schedule a call for next week to discuss the architecture.,0
<p>Please process the refund to card 4159 7058 7835 6942</p>,1
Please use this credit card for the transaction: 4464 7681 6312 8502,1
<span>I will be out of     office next Monday.</span>,0
My soci=====al security number is 556-58-8265.,1
"<div>Here is the private key for the server: -----BEGIN RSA PRIVATE KEY-----
NhKmhJe8v6rBQk9G8ncrRqAG5SGk2wqP
-----END**** RSA PRIVATE KEY-----</div>",1
<div>I will be out of office next Monday.</div>,0
"Hello team, please review the attached document for tomorrow's meeting.",0
Don't forget to submit your timesheets.,0
The mark****eting campaign starts next month.,0
The weather is quite nice today.,0
Can someone review my pull request?,0
Don'=====t forget to submit your timesheets.,0
I'm getting___ a 404 error on the homepage.,0
"Hello team, please review the attached document for tomorrow's meeting.",0
I will b    e out of office next Monday.,0
<p>I will be out of office next Monday.</p>,0
Did anyone see my coffee mug?,0
"The backup database credentials are user: admin, password: CfLEZq9DusGf",1
The weather is quite nice today.,0
My social security number is 580-45-7420.,1
Did anyone see my coffee mug?,0
Don't forget to submit your timesheets.,0
The marketing campaign starts next month.,0
Patient ****Bob has a history of diabetes.,1
Please find the quarterly report attached.,0
We need to update the CSS on the landing page.,0
I will be out of office next Monday.,0
"The SSH key to access the prod server is: -----BEGIN RSA PRIVATE KEY-----
lUxZTpSiP66CMMZS8AJfcZdhbsDx9bL7
-----END RSA PRIVATE KEY-----",1
"<div>The weather 

is quite nice today.</div>",0
"Hello team, please review the attached document for tomorrow's meeting.",0
Let's schedule a call for next week to discuss the architecture.,0
Please find the quarterly report attached.,0
Authorization: Basic ey4YqwZMZsC4iLqBYKIw1GobFaFBrm6N,1
Use bearer token eyidFLuW4lmgDijXpXgHoLy4T1D6oyoo for authentication.,1
<b>I will be**** out of office next Monday.</b>,0
<span>Update the config with secret_key=0eMQjKOdpEyn</span>,1
Please find the quarterl    y report attached.,0
<span>Don't forget to submit your timesheets.</span>,0
The weather is quite nice today.,0
<p>My social security number is 330-99-1928.</p>,1
<div>Can som****eone review my pull request?</div>,0
Can someone review my pull request?,0
Use bearer token eyPJwLDHBkaoaYiQUO8Go8OMXn--------NN155b for authentication.,1
The CPU usage spiked around 3 PM.,0
Can someone review my pull request?,0
"<div>The backup database credentials are user: admin, password: 6Ii4pt8Kyv6T</div>",1
Please use this credit card for the transaction: 4549 3648 2918 6172,1
<div>My passport number is E3257731</div>,1
Let's schedule a call for next week to discuss the architecture.,0
Patient Alice has a history of diabetes.,1
Please find the quarterly report attached.,0
<b>Authorization: Basic eypg    9H3ChYjblbcI9Xe1ArkAkC8D4JE4</b>,1
Please find the quarterly report attached.,0
Can someone review my pull request?,0
Can you push the latest comm=====it to the main branch?,0
Let's schedule a call for next week to discuss the architecture.,0
<div>Use bearer token ey5wk9wNARJfXj6a4U3LRQmNj0sMKz70 for authentication.</div>,1
My passport number is D5246389,1
Authorization: Basic eyMCkoiWiP6zRUXN6iA8aKkqnskKZJRB,1
Authorization: Basic eyvwiyCxebIAh72UzPNYkw77HnzDI4OB,1
We need to update the CSS on the landing page.****,0
I'm getting a 404 error on the homepage.,0
The database password is M5IaWdIe6UeC,1
"Hello team, please review the attached document for 

tomorrow's meeting.",0
Here are the Stripe API keys: AKIAIFMJXUKE05UNWYGF,1
Let's schedule a call for next week to discuss the architecture.,0
The new feature will be deployed on Friday.,0
Patient**** Alice has a history of diabetes.,1
The weather is quite nice today.,0
Can someone review my pull request?,0
"The backup database credentials ar    e user: admin, password: WRdNGjIgtImY",1
Update the config with secret_key=vKDy875XMmFj,1
You can access the AWS API with key AKIAF6HZXDGPITQFKMED,1
<div>Please process the refund to card 4401 9964 6533 2899</div>,1
Can you push the latest commit to the main branch?,0
Please use this credit card for the transaction: 4265 8301 7597 3526,1
My social security number is 156-20-2891.,1
Patient Bob has a history of asthma.,1
I will be out of office next Monday.,0
"Here is the private key for the server: -----BEGIN RSA PRIVATE KEY-----
clBAX34CPeWcXNU3wFBB86lFjgJwCK9R
-----END RSA PRIVATE KEY-----",1
<p>The new feature wil--------l be deployed on Friday.</p>,0
<div>Patient John Doe has a history of hypertension.</div>,1
My social security number is 589-53-4531.,1
I'm getting a 404 error on the homepage.,0
"Hello team, please review the attached document for tomorrow's meeting.",0
Please find the quarterly report-------- attached.,0
We need to update the CSS on the landing page.,0
My social security number is 884-88-8981.,1
"The marketing campaign 

starts next month.",0
Use bearer token eya7KWP8ytArdCtDwWFdzjOnd1jRZNNd for authentication.,1
The new feature will be deployed on Friday.,0
<b>Let's schedule a call for next week to discuss the architecture.</b>,0
My social security number is 831-61-8807.,1
We need to update the CSS on the landing page.,0
<p>My passport number is H5838725</p>,1
"The SSH key to access the prod server is: -----BEGIN RSA PRIVATE KEY-----
d0lmcd3MyEWjA9SLx09JjSJBnmqlyJeJ
-----END RSA PRIVATE KEY-----",1
I will be out of of    fice next Monday.,0
Please process the refund to card 4083 9864 4716**** 9121,1
I will be out of office next Monday.,0
"The backup database credentials are user: admin, password: pIGitYOmVhyd",1
Let's schedule a ****call for next week to discuss the architecture.,0
Here are the Stripe===== API keys: AKIA17MOSGFF1UX1SGI9,1
Update the config with secret_key=gVWKbYPyJSok,1
Update the config with secret_key=cZZ6O9l6uHce,1
Please use this credit card for the transaction: 4556 7524 8971 6021,1
Can someone review my pull request?,0
Don't forget to submit your timesheets.,0
The integration tests passed successfully.,0
Here are the Stripe API keys: AKIABUCU2UH9UATERRF5,1
The new feature will be deployed on Friday.,0
The marketing campaign starts next month.,0
Don't forget to submit your timesheets.,0
<span>Here are th___e Stripe API keys: AKIATZCPK1MDRQQ3TI1I</span>,1
The weather is quite     nice today.,0
Please process the refund to card 4305 5475 1209 3811,1
<div>The marketing campaign starts next month.</div>,0
Please find the quarterly report attached.,0
I'm getting a 404 error on the homepage.,0
Can you push the latest commit to the main branch?,0
The weather is quite nice today.,0
"The SSH key to access the prod server is: -----BEGIN RSA PRIV--------ATE KEY-----
EYFtwspFCpcfXCk7wyJiIKkwwDFmMHaZ
-----END RSA PRIVATE KEY-----",1
"Here is the private key for the server: -----BEGIN RSA PRIVATE KEY-----
ePMoxAwUYCsaeRq5NdobXnMrJ6VIPpsr
-----END RSA PRIVATE KEY-----",1
You can access the AWS API with key AKIAKTSWIHPUGGNUUC9Z,1
"<span>Here is the private key for the server: -----BEGIN RSA PRIVATE KEY-----
scNQAmTft5PaNA3NKT2Ut440w1TmNBF1
-----END RSA PRIVATE KEY-----</span>",1
"<div>The backup database credentials are user: admin, password: 8cSTBOpEjCaP</div>",1
"The SSH key to access the --------prod server is: -----BEGIN RSA PRIVATE KEY-----
9o1sN50Pnmy9g0bTkuIb7faIpTcjvxwQ
-----END RSA PRIVATE KEY-----",1
Use bearer token eyh25pMGvtMaLcMsTct4H5bgPpYx5UCq for authentication.,1
<b>The weather is quite nice today.</b>,0
<div>We need to update the CSS on the landing page.</div>,0
Customer's home address is 5394 Main St.,1
<div>Did anyone s****ee my coffee mug?</div>,0
"You can access the AWS API with k

ey AKIAM0ENEAGUWS8CTXJJ",1
The weather___ is quite nice today.,0
Please use this cre=====dit card for the transaction: 4936 9439 3023 7356,1
Here are the Stripe API key****s: AKIANER4MME6YY3VOTKX,1
You can access the AWS API with key AKIAWDPGRHCIB0JRHJBQ,1
The marketing-------- campaign starts next month.,0
The database password is OTU0eluxRuBJ,1
My s=====ocial security number is 639-51-4239.,1
<div>You can access the AWS API with key AKIADNN9PVW3DPUEMXWG</div>,1
The weather is quite nice today.,0
Please use this credit card for the transaction: 4963 9905 2837 9531,1
The marketing campaign starts next month.,0
"The backup database credentials are user: admin, password: luZuIFJdtNHG",1
The new fe=====ature will be deployed on Friday.,0
My passport number is K4724546,1
Update the config with secret_key=gBNnLDnff1jf,1
My passport number is T3203112,1
You can access the AWS API with key AKIAAYQLTRCSQB6JYTX1,1
We need to update the CSS on the landing pag=====e.,0
"<span>Here is the pri

vate key for the server: -----BEGIN RSA PRIVATE KEY-----
UtUB1wz1xHdhRuenJZqqmtvRzWf9ekS4
-----END RSA PRIVATE KEY-----</span>",1
The inte___gration tests passed successfully.,0
The weather is quit****e nice today.,0
<p>My passport number is J5232424</p>,1
I'm getting a 404 error on the homepage.,0
"Here are the Stripe API keys: 

AKIAVBKMJCX4XMXXGEOR",1
We need to update the CSS on the landing page.,0
The database password is gXxKrasFiwzh,1
My social security number is 920-59-5638.,1
Authorization: Basic eyRRpLxusAfzX8P17XDyZFhMCJCkm8OH,1
"Use bearer token eyttA67faRWq4Dgx

S1daJqJ5kipyz4hJ for authentication.",1
<span>Please use this credit card for the transaction: 4821 9243 5489 7680</span>,1
The CPU usage spiked around 3 PM.,0
Can someone review my pull request?,0
The weather is quite nice today.,0
"Hello team, please review the attached document for tomo--------rrow's meeting.",0
Customer's home address is 2031 Pine St.,1
"The SSH key to access the prod server is: -----BEGIN RSA PRIVAT___E KEY-----
qBA2ORnBphLXHGHCWPzTIev56dX91u7e
-----END RSA PRIVATE KEY-----",1
"Here is the private key for the server: -----BEGIN RSA PRIVATE KEY-----
OfUwvitMCpD0YZyyu0CNkHeF7eu9iXkT
-----END RSA PRIVATE KEY-----",1
Authorization: Basic eyG2FaXieFnsw4Gy___bJShUFHK8ZDatgUV,1
The weather is quite n****ice today.,0
I===== will be out of office next Monday.,0
<span>Did anyone see my coffee mug?</span>,0
Update the config with secret_key=n3i5afpfuxiJ,1
You can access the AWS API with key AKIAG4R3C8YEUH0JDOXF,1
Customer's home address is 5456 Oak St.,1
You can access the AWS API with key AKIAC9UWWW8CG55DQPOU,1
"<p>Customer's home ad

dress is 3086 Oak St.</p>",1
The CPU usage spiked aro=====und 3 PM.,0
The CPU usage spiked around 3 PM.,0
"Hello team, please review the attached document for tomorrow's meeting.",0
My social security number is 894-15-8304.,1
T--------he new feature will be deployed on Friday.,0
<span>Please use this credit**** card for the transaction: 4996 9386 9483 7259</span>,1
<b>Use bearer token eyFRzVzrJecvfQiZoLeYAQRbTeYQImhH for authentication.</b>,1
Don't forget to submit your timesheets.,0
My passport number is V5370241,1
The marketing campaign starts next month.,0
Customer's home address is 7649 Main St.,1
<div>The integration tests passed successfully.</div>,0
You can access the AWS API with key AKIAQEGUSEO43DZG42MI,1
"<span>Hello team, please review the attached document for tomorrow's meeting.</span>",0
"The SSH key to access the prod server is: -----BEGIN RSA PRIVATE KEY-----
slCFUeqMu3NAxYd43B1T4k796qHSETez
-----END RSA PRIVATE KEY-----",1
Did anyone see my coffee mug?,0
<div>My passport nu****mber is V2309611</div>,1
"The integration tests passed su

ccessfully.",0
Can someone review my p=====ull request?,0
<div>My social security number is 456-80-6685.</div>,1
"Hello team, please     review the attached document for tomorrow's meeting.",0
"The SSH key to access the prod server is: -----BEGIN RSA PRIVATE KEY-----
DudzZOV0vJ1LkFGgJeGAmVzRe2qdPNGA
-----END RSA PRIVATE KEY-----",1
Patient Jane Smith has a history of diabetes.,1
Please fi    nd the quarterly report attached.,0
Here are the Stripe API keys: AKIA8ELKLMMMM70HJJBL,1
Authorization: Basic eyWXk0wFIjqPBpXa41ldHzgw2i4LML--------ER,1
My passport number i--------s M6648044,1
The weather is quite nice today.,0
Custo___mer's home address is 9305 Main St.,1
Don't forget to submit your timesheets.,0
The database password is n8N7L06x9PDz,1
<span>Here are the Stripe API keys: AKIAPH2TR2EPJMOLLTEG</span>,1
Don't forget to submit your timesheets.,0
I'm getting a 404 error on the homepage.,0
The w=====eather is quite nice today.,0
Please find the quarterly report attached.,0
Customer's home address is-------- 8247 Oak St.,1
The new feature will be deployed on Friday.,0
The integration tests passed successfully.,0
Please process the refund to ca___rd 4453 7006 4757 7820,1
"Hello team, please review the attached document for tomorrow's meeting.",0
The marketing campaign starts next month.,0
<b>Don't forget to submit your timesheets.</b>,0
"Here is the private key for the server: -----BEGIN RSA PRIVATE KEY-----
SZcWtadM2LrDlWpIVKH9vfIQPbUv13fh
-----END RSA PRIVATE KEY-----",1
The weather is quite nice today.,0
"Here is the private key for the server: -----    BEGIN RSA PRIVATE KEY-----
fQtptjVMivvyXa4R4PBKrtjrcFNrJmgN
-----END RSA PRIVATE KEY-----",1
Let's schedule a call for next week to discuss the architecture.,0
Update the config with secret_key=IKZM42FVun00,1
"The SSH key to access the prod server is: -----BEGIN RSA PRIVATE KEY-----
orliSGuvt95h82uWEowAldZAL2ckA2cU
-----END RSA PRIVATE KEY-----",1
"Hello team, please review the attached document for tomorrow's meeting.",0
<span>My s    ocial security number is 354-89-7301.</span>,1
Please find the quarterly report attached.,0
"Here is the private key for the server: -----BEGIN RSA PRIVATE KEY-----
LSnNCIpATxGUjiT5kytB6fLVoYdIyccY
-----END RSA PRIVATE KEY-----",1
"The backup     database credentials are user: admin, password: IoBGGkGrd6GD",1
Let's schedule a call for next week to discuss the architecture.,0
We need to update the CSS on the landing page.,0
Update the config with secret_key=Y01WM8hwgqcF,1
Don't forget to submit your timesheets.,0
<span>Here are the Stripe API keys: A--------KIAJJQPIHRIL7CI2BUV</span>,1
Don't forget to submit your timesheets.,0
My social security number is 658-56-1824.,1
"You 

can access the AWS API with key AKIA7MWKT0EIQOP1NX1H",1
"The backup database credentials are user: admin, password: l8qj029EtEzR",1
The da--------tabase password is ljLHkQlGJj4f,1
I'm getting a 404 error on the homepage.,0
The weather is quite nice today.,0
"The SSH key to access the prod server is: -----BEGIN RSA PRIVATE KEY-----
mQDHkPSlMKYS1it56WjlWClQnX0LGXjx
-----END RSA PRIVATE KEY-----",1
The new featu****re will be deployed on Friday.,0
I will be out of office next Monday.,0
Auth--------orization: Basic eywL6lZAuSDeU9nGdw13HdgAfy3gqpYy,1
I will be out of office next Monday.,0
My passport number is E3040626,1
I will be out of office next Monday.,0
The integration tests passed successfully.,0
<b>You can access the AWS API with key AKIAUBCD7CG71GEEYQYM</b>,1
"The backup database credentials are user: admin, password: 5e2B1jiat2SU",1
<span>Authorization: Basic eyjwhqhQvCD2nDVkscT51vkX4a0d6xvq</span>,1
Please use this credit card for the transaction: 4280 2652 6223 2170,1
Update the config with secret_key=eomnfbxFIjCc,1
My social security number is 747-28-5055.,1
Let's schedule a call for next week to discuss the architecture.,0
Please u___se this credit card for the transaction: 4632 7372 7822 8471,1
Let's schedule a call for next week to discuss the architecture.,0
My social security number is 341-17-8170.,1
<p>Please process the refund to card 4040 5022 5090 6498</p>,1
<p>The we=====ather is quite nice today.</p>,0
Here are the Stripe API keys: AKIA6JWD5KL5WDES6NPE,1
The weather is quite nice today.,0
My social security number is 639-84-9150.,1
I will be =====out of office next Monday.,0
"Hello te    am, please review the attached document for tomorrow's meeting.",0
My passport number is K7086367,1
Let's schedule a call for next week to discuss the architecture.,0
Customer's home address is 30    29 Oak St.,1
We need to update the CSS on the landing page.,0
<span>The database password is 47973RlHzQ7z</span>,1
Ca--------n someone review my pull request?,0
"The SSH key to access the prod server is: -----BEGIN RSA PRIVATE KEY-----
dedlzXe2vFRJkqV2AGhIGaFpAJEAITTo
-----END RSA PRIVATE KEY-----",1
Please find the quarterly report attached.,0
"<p>Hello team, please review the attached document for tomorrow's meeting.</p>",0
"The backup database credentials are user: admin, password: uuwrdoUT1dir",1
"Here is the private key for the server: -----BEGIN RSA PRIVATE KEY-----
W8iosFICD1mrov9uI8dFPmVM8YKM8fHQ
-----END RSA PRIVATE KEY-----",1
You can access the AWS API with key AKIAATLRIZKDHULWBIQF,1
Please find the quarterly report attached.,0
"The marketing campaign starts next mo

nth.",0
<span>Please use this credit card for the transaction: 4522 5343 3013 6172</span>,1
<div>Please process the refund to card 4495 5714 6942 3599</div>,1
"The SSH key to access the prod server is: -----BEGIN RSA PRIVATE KEY-----
EBX48ea8UfeuvSZURdn6rAcTq2UYJOUD
-----END RSA PRIVATE KEY-----",1
<b>Please find the quarterly report attached.</b>,0
Can you push the latest commit to the main branch?,0
Here are the Stripe API keys: AKIARELZITCQDLP2R4GF,1
I will be out of office next Monday.,0
Update the config with secret_key=QQ0kYbM2URlh,1
Can someone review my**** pull request?,0
The database password is fPwhrYmaRlOP,1
Please find the quarterly report attached.,0
My social security number is 517-78-7066.,1
Patient Jane Smith has a     history of hypertension.,1
Don't forget to submit your timesheets.,0
Here are the Stripe API keys: AKIA21DEQHBX95EFOKIT,1
We need to upd=====ate the CSS on the landing page.,0
Can someone review my pull request?,0
Update the config with secret_key=zf0Ffqw4YKmT,1
You can access the AWS API with key AKIAS0NJAC6BQCXRV66F,1
My social security number is 858-24-9459.,1
Patient Bob has a history of hypertension.,1
<p>Patient Bob has a history of hyperten****sion.</p>,1
Can you push the latest commit to the main branch?,0
"<p>I will be out of o

ffice next Monday.</p>",0
Use bearer token eyVrMqLDEoWWAngNJbukyrFwKznhPmRp for authentication.,1
Patient John Doe has a history of asthma.,1
Please us****e this credit card for the transaction: 4206 2521 6854 4844,1
Please use this credit card for the transaction: 4539 4984 7270 4809,1
My social security number is 770-56-3142.,1
<div>Please use this credit card for the transaction: 4336 8663 8688 9129</div>,1
<b>Use bearer token eyt3Vb0vHrms1xUfNzPrO9Uwv6Xm2tmM for authentication.</b>,1
We need to update the CSS on the landing page.,0
Please process the refund to card 4586 7621 3644 5792,1
I will be out of office next Monday.,0
Please find**** the quarterly report attached.,0
"You can access the AWS API 

with key AKIAP5XJSRXO1SLJJNJV",1
<div>You can access the AWS API with key AKIA3YZZHNXSIGJI8EQS</div>,1
Update the config with secret_key=uamCScL59UjV,1
Update the config with secret=====_key=qRkD1MOg0bwe,1
Don't forget to submit your timesheets.,0
Use bearer token eyCdZ0g9Lf0BpHlcnZyMoxWOdX3ioOL5 for authentication.,1
<div>Can you push the latest commit to the main branch?</div>,0
Authorization: Basic eyliEjjfLN0k0iUWzw9suiNrfPfQP1SO,1
Update the config with secret_key=O8dDoHpyQ1Eq,1
Customer's home address is 8957 Main St.,1
"The backup database credentials are user: admin, password: UQNeLeEimxTt",1
The CP--------U usage spiked around 3 PM.,0
Let's schedule a ca    ll for next week to discuss the architecture.,0
Use bearer token eylU7fHdZ9keOourX15xlzgXnbXo51Ms for authentication.=====,1
<div>Authorization: Basic eybydtO3fTK0HW9YNr23BBaVyrWEqgVN</div>,1
<p>I will be out of office next Monday.</p>,0
I'm getting a 404 error on the homepage.,0
Can someone review my pull request?,0
"The dat

abase password is F87zSacqdX1E",1
The database password is kMrfE4E7HMAE,1
The CPU usage spiked around 3 PM.,0
Please use this credit =====card for the transaction: 4214 8953 4577 3520,1
<div>Please process the refund to card 4455 1658 3763 7783</div>,1
Let's schedule a call for next week to discuss the architecture.,0
The CPU usage spiked around 3 PM.,0
We need to update the CSS on the landing page.,0
Cu___stomer's home address is 1271 Main St.,1
I'm getting a 404 error on the homepage.,0
Can you push the latest commit to the main branch?,0
Use bearer token eyVwN3LAe5UubQDBCLD8xVRYoz0kHnjc for authentication.,1
<p>The integration tests passed successfully.</p>,0
Please process the refund to card 4414 2183 2151 1174,1
<div>The ___marketing campaign starts next month.</div>,0
My social security number is 694-57-5373.,1
Can you push the latest commit to the main branch?,0
My passport number is R7477899,1
My passport number is N2744563,1
<div>The database password is HumPdVMar56F</div>,1
I'm getting a 404 error on the homepage.,0
I'm getting a 404 error on the homepage.,0
Authorization: Basic eyuQ8vNy3YsF01wLYTKzAr5BVbetqYml,1
You can access the AWS API with key AKIAZ7A6X6ZJTRBKRCDZ,1
We need to update the CSS on the landing page.,0
Update the config with secret_key=1uJf0C8RrXlk,1
Patient Alice has a history of asthma.,1
"<span>Hello team, please review the attached document for tomorrow's meeting.</span>",0
Don't forget to submit your timesheets.,0
Use bearer token eyqu8QsZr8cLdNHSoL5dnzEiOnyIbGxx for authentication.,1
"The marke

ting campaign starts next month.",0
Customer's home address is 1424 Main St.,1
We need to update the CSS on the landing page.,0
Please use this credit card for the transaction: 4587 2277 6456 9037,1
<p>The database**** password is hLVsx1I1ZNdS</p>,1
Did anyone see my coffee mug?,0
"The SSH key to acc    ess the prod server is: -----BEGIN RSA PRIVATE KEY-----
f6f430Fhm5SVEFGaYxEBvIY53gm3708n
-----END RSA PRIVATE KEY-----",1
We need to update the CSS on the landing page.,0
My social security number is 717-52-1718.,1
****The CPU usage spiked around 3 PM.,0
Authorization: Basic eyQQdEXSSRpi08XUz50kuDreTsVStV9n,1
<span>The marketing campaign starts next month.</span>,0
Use bearer token eyxPfqRjYsIWhOg7gxsi2NEtEJBbJiOS for a=====uthentication.,1
Did anyone see my coffee mug?,0
<span>The database password is xrvCOyFE8GDd</span>,1
My social security number is 635-68-9986.,1
<p>Please process the refund to card 4665 3099 1237 8728</p>,1
<div>My passport number is T4865495</div>,1
<span>Can you push the latest commit to the main branch?</span>,0
The database password is mszRIadXa0pU,1
<p>Update the config with secret_key=FTqwkCO9oIji</p>,1
Can someone review my pull request?,0
I will be out of offic___e next Monday.,0
The database password is ZbxRwsXHfwVC,1
"<span>Here is the private key for the server: -----BEGIN RSA PRIVATE KEY-----
qV4o9a07L2tOgDuhFPqmxPhECGu8MU1U
-----END RSA PRIVATE KEY-----</span>",1
<b>Please process the refund to card 4899 6938 6485 1565</b>,1
The new feature will be deployed on Friday.,0
"Please proce

ss the refund to card 4148 8105 8939 7361",1
Here are the Stripe API keys: AKIAI4XVWTGA4D5VGHES,1
<span>I will be out of office next Monday.</span>,0
Did anyone see my coffee mug?,0
The new feature will be deployed on Friday.,0
We need to update the CSS on the landing page.,0
Can someone review my pull request?,0
The new f=====eature will be deployed on Friday.,0
The marketing campaign starts next month.,0
We need to update the CSS on the landing page.,0
My passport number is Q4301637,1
The database password is gQQp___3hIEcFGh,1
<p>Authorization: Basic eyddLguNruZvRXJrIfJEVKcjg1ucw6T7</p>,1
The marketing campaign starts next month.,0
<div>Ple___ase use this credit card for the transaction: 4495 3259 1153 8361</div>,1
<p>My passport number is G2854212</p>,1
"The SSH key to access the prod server is: -----BEGIN RSA PRIVATE KEY-----
gBb7AXDvwwA4xapC05pvC2bbM8QSEtYX
-----END RSA PRIVATE KEY-----",1
We need to update the CSS on-------- the landing page.,0
<b>Here are the Stripe API keys: AKIAINWWE6N4SKKSP7HK</b>,1
"Hello team, please review the attached document for tomorrow's meeting.",0
Can someone review my pull request?,0
<div>Let's schedule a call for next week to discuss the architecture.</div>,0
Update the config with secret_key=p6oQVYJqYLiT,1
Please use this credit card for the transactio****n: 4202 5249 1929 5105,1
My passport number is Y6820600,1
=====I'm getting a 404 error on the homepage.,0
You can access the AWS API with key AKIA8Q3Z4OW4QVM--------TLOC7,1
The integration tests passed successfully.,0
"The

 weather is quite nice today.",0
The marketing campaign starts next month.,0
Let's schedule a call for next week to discuss th****e architecture.,0
The new feature will be deployed on Friday.,0
Let's schedule a call for next week to discuss the architecture.,0
"<div>The SSH key to access the prod server is: -----BEGIN RSA PRIVATE KEY-----
12hFXfBpJQYDEeuaKxUd8BCAmuAuS2tO
-----END RSA PRIVATE KEY-----</div>",1
Authorization: Basic eycIUX6DhYZKWHelfvWyuyZSx44IkjNo,1
Customer's home address is 1636 Pine St.,1
<span>The new feature will be deployed on Friday.</span>,0
<span>Did anyone see my coffee mug?</span>,0
You can access the AWS API with key ___AKIAHFAIGQJ0YUBTO1VD,1
I will be out of office next Monday.,0
Please find the quarterl=====y report attached.,0
The marketing campaign     starts next month.,0
Did anyone see my coffee mug?,0
Here are the Stripe API keys: AKIA3BSBYMC0YGIJFEU9,1
"<p>Use beare

r token eyvn6zSKvPRKBZOlQzp6wQ8Ybofflw8U for authentication.</p>",1
<span>The weather is quite nice today.</span>,0
<span>Authorization: Basic ey1fVCXSswnCLe9ehNK42qqGqLg3fRYg</span>,1
I'm getting a 404 error on the homepage.,0
"<p>Here is the private key for the server: -----BEGIN RSA PRIVATE KEY-----
EzLffxZLYf0LneNb4goHgZAvZdoEdufa
-----END RSA PRIVATE KEY-----</p>",1
Don't forget to submit your timesheets.,0
Use bearer token eyWywXy7sdSZ57fSeEbWsNuxiKZguNQr for authenticat****ion.,1
Use bearer toke--------n eyyxzwAghKO7WBJ3PdMOgsgulz4wlsDT for authentication.,1
Can someone review my pull request?,0
Customer's home address is 9621 Oak St.,1
The database password is DgDOODWuWgBi,1
The marketing campaign starts nex****t month.,0
<b>Patient Bob has a history of diabetes.</b>,1
M=====y social security number is 489-64-9673.,1
My passport number is A1010536,1
Update the config with secret_key=zKYlWXJo7DpE,1
We need to update the CSS on the landing page.,0
I'm getti--------ng a 404 error on the homepage.,0
<b>Let's schedule a call for next week to discuss the architecture.</b>,0
Let's schedule a call for next week to discuss the archit****ecture.,0
The database password is Q7GfX5jdJpcR,1
My social security number is 188-___17-4655.,1
The weather is quite nice today.,0
Please find the quarterly report attached.,0
C--------ustomer's home address is 9241 Oak St.,1
My social security number is 584-37-6992.,1
Update the config with___ secret_key=FjzSiETcyYiG,1
Pleas=====e process the refund to card 4746 1374 3876 1008,1
Can someone review my pull request?,0
The database password is GuXldaetg0nP,1
Here are the Stripe API keys: AKIAQI0LCBWBMDQZTZWH,1
Let's sc=====hedule a call for next week to discuss the architecture.,0
Let's schedule a call for next week to discuss the architecture.,0
Can you push the latest commit to the main branch?,0
"The SSH key to access the prod server is: -----BEGIN RSA PRIVATE KEY-----
ldFTmza2XlKidXWOYDZEx2VWyulnY64X
-----END RSA PRIVATE KEY-----",1
Here are the Stripe API keys: AKIAIHAZOK2YUZ6UYXSQ,1
The da****tabase password is 3dvJZAmqfC3z,1
Can someone revi___ew my pull request?,0
I'm getting a 404 error on the homepage.,0
<span>The weather is qui=====te nice today.</span>,0
Can you push the latest commit to the main branch?,0
Update the config with secret_ke=====y=izU8M7pBhQsw,1
I'm getting a 404 error on the homepage.,0
"Don't

 forget to submit your timesheets.",0
"The SSH key to access the prod ser****ver is: -----BEGIN RSA PRIVATE KEY-----
h1Y0WfGiB5lfCci4FzLpiJwWUFHNptJ5
-----END RSA PRIVATE KEY-----",1
Patient John Doe has a history of diabetes.,1
The new feature will be deployed on Friday.,0
Let's schedule a call for next week to discuss the architecture.,0
"The SSH key to access the prod server is: -----BEGIN RSA PRIVATE KEY-----
2kq3nfUfHislEKIEXTRI43E6mYfxn1B4
-----END RSA PRIVATE KEY----=====-",1
Let--------'s schedule a call for next week to discuss the architecture.,0
Can you push the latest commit to the main br****anch?,0
You can access the AWS API with key AKIAJWAL1IVKOJAJS    B5T,1
<b>My social security number is 101-66-6148.</b>,1
"Here is the private key for the server: -----BEGIN RSA PRIVATE KEY-----
roW2P0H7gQ****vCjTP2k3oweI4Qoxzjy8UM
-----END RSA PRIVATE KEY-----",1
"Please find the 

quarterly report attached.",0
I'm getting a 404 error on the homepage.,0
Please find the quarterly report attached.,0
"Here is the private key for the server: -----BEGIN RSA PRIVATE KEY-----
AkVOeUjd2LyPErDx6fYfqlErcOoEuH0v
-----END RSA PRIVATE     KEY-----",1
Patient Jane Smith has a history of diabetes.,1
You can access the AWS API with key AKIAHBFHXAXTCWI3MDJD,1
My social security number is 430-48-97****85.,1
"The SSH key to access the prod server is: -----BEGIN RSA PRIVATE KEY-----
C4OAkvRmb0IFZH6uWcv3EVyAfupuG7IF
-----END RSA PRIVATE KEY-----",1
"Here is the private key for the server: -----BEGIN RSA PRIVATE KEY-----
SL4trZiqgEbcb4x9X6Pot8urbTUWtiI3
-----END RSA PRIVATE KEY-----",1
"The backup database credentials are user: admin, password: rwLHklaU6jER",1
My social secu****rity number is 574-86-2060.,1
Please use this credit card for the transa=====ction: 4254 3215 3904 4527,1
"Hello team, please review the attached document for tomorrow's meeting.",0
The in****tegration tests passed successfully.,0
Customer's home address is     9910 Main St.,1
Patient Jane Smith has a history of asthma.,1
Update the config with secret_key=UONTPgqFHqAv,1
Please process the refund to card 4964 2284 7684 9233,1
My passport number is D1637328,1
Please find the quarterly report attached.,0
You can access the AWS API with key AKIANI8PSXZJP6LKEHEZ,1
"The backup database credentials are user: 

admin, password: xEE0IBvyvr7Z",1
The new feature will be deployed on Friday.,0
<div>Update the config with secret_key=9M1qQ4zck6Tp</div>,1
"The backup database credentials are user: admin, password: y1vhQbhRCuKu",1
"<b>The SSH key to access the prod server is: -----BEGIN RSA PRIVATE KEY-----
p6olLk8EEhaqs4B4Qudh1XRllpAQDaRV
-----END RSA PRIVATE KEY-----</b>",1
"<div>Don't forget to

 submit your timesheets.</div>",0
My passport number is Y6094364,1
The weather is quite nice today.,0
The CPU usage spiked around 3 PM.,0
The database password is uwGSenvCzsaS,1
"The SSH key to access the prod server is: -----BEGIN RSA PRIVATE KEY-----
mspme8oMESZlc5fo0MaeOcGbBa9hGMem
-----END RSA PRIVATE KEY-----",1
"Hello team, please review the attached document for tomorrow's meeting.",0
Don't forget to submit your timesheets.,0
I'm getting a 404 error on the homepage.,0
We nee****d to update the CSS on the landing page.,0
My passport number is Q4276--------905,1
My p****assport number is S4687077,1
Let's schedule a call for next week to discuss the architecture.,0
Let's schedule a call for next week to discuss the architecture.,0
"Here is the private key for the server: -----BEGIN RSA PRIVATE KEY-----
DDoYkhaSUVUtap4yFH6wK9umBklMfqdV
-----END RSA PRIVATE KEY-----",1
Can some****one review my pull request?,0
<span>The weather is quite nice today.</span>,0
Here are the Stripe API keys: AKIAJC57133GUIEQHTI2,1
<b>Can you push the latest commit to the main branch?</b>,0
My passport number is J4322314,1
<span>My social se=====curity number is 149-20-8925.</span>,1
"Here is the private key for the server: -----BEGIN RSA PRIVATE KEY-----
ySHP5PdOn7SqLYel5iUvDBr6nHgXYpSF
-----EN    D RSA PRIVATE KEY-----",1
<div>Authori=====zation: Basic eyc06Lsx8NvjpSzkOdkx3BkSrPUsbZj3</div>,1
Don't forget to submit your timesheets.,0
Patient Ali--------ce has a history of asthma.,1
"<p>The SSH key to access the prod server is: -----BEGIN RSA PRIVATE KEY-----
cP9Fu3frzu1qVdOYRYvEnVMGjCImiuNs
-----END RSA PRIVATE KEY-----</p>",1
The new feature will be deployed on Friday.,0
"I'm getting a 4

04 error on the homepage.",0
Let's schedule a call for next week to discuss the architecture.,0
Update the conf--------ig with secret_key=jzJFBZipk7YZ,1
"Here is the private key for the server: -----BEGIN RSA PRIVATE KEY-----
LtjImtugWp9O5jP7gXtkQP77pORuOTUs
-----END RSA PRIVATE KEY-----",1
The database password is ZapsFgkleaSl,1
We need to update the CSS on the landing page.,0
Authorization: Basic eyN1Hbyr7YO1G9BEETweH    OEVOvMubezA,1
The weather is quite nice today.,0
<span>My passport number is G4317897</span>,1
Can you push =====the latest commit to the main branch?,0
Use bearer token eyDTkM1rCyvN9mvcFu5QCKVQyfClevfr for authentication.,1
"<p>The backup d

atabase credentials are user: admin, password: ORRvxgSbKYcY</p>",1
My passport number is S2751030,1
Authori--------zation: Basic ey7f3CLe5eJnFaFSv1L1efdFuRjDwHO3,1
"The backup database credentials are user: admin, password: ByOiqhfEYEBJ",1
Patient Alice has a history of diabetes.,1
"Hello team, please review the attached document for tomorrow's meeting.",0
<b>Here are the Stripe API keys: AKIA9MCIFK3GDZ0JNZVJ</b>,1
T****he new feature will be deployed on Friday.,0
Can you push the latest commit to the main branch?,0
"The SSH key to access the prod server is: -----BEGIN RSA PRIVATE KEY-----
k5q5fbP68iHZuMlaqzo1slOvPxJfqq4D
-----END RSA PRIVATE KEY-----",1
Customer's home address is 3237 Oak St.,1
"Hello team, plea    se review the attached document for tomorrow's meeting.",0
Can someone review my pull request?,0
Can you push the latest com****mit to the main branch?,0
I will be out of office next Monday.,0
The integration tests passed successfully.,0
<p>Authorization: Basic eyt7m3bML1GoQvF00WUGA2yLJGjXcVB5</p>,1
I'm getting a 404 error on the homepage.,0
Please use this credit card for the transa=====ction: 4368 3760 5245 6199,1
<div>Use bearer token eyOHHQzT1ENles4OXF9G1k37EuUAkocZ for authentication.</div>,1
I will be out of office next Monday.,0
Let's schedule a call for next week to discuss the architecture.,0
Authorization: Basic eyydbKclfizqr9CxZv5y1o35a9sXZIw3,1
<b>I will be out of office next Monday.</b>,0
"Hello team, please review the attached document for tomorrow's meeting.",0
Please process the refund to card 4318 2906 2025 8882,1
The weather is quite nice today.,0
"Here is the private key for the server: -----BEG___IN RSA PRIVATE KEY-----
L7Pgk1etZ7UIFKJmHLvjIgwrurgp1xJ9
-----END RSA PRIVATE KEY-----",1
Use bearer token eyhJoGy8XqPU1jJTqWkaaV8dVf1j8Nd0 for authentication.,1
Here a    re the Stripe API keys: AKIANCGBDGTPUS28HSNZ,1
<div>You can access the AWS --------API with key AKIA6CAEA7PIRVRNWEDR</div>,1
Don't forget to submit your timesheets.,0
The integration tests passed successfully.,0
My social security number is 929-46-4587.,1
<p>Can someone review my pull request?</p>,0
Use bearer token ey86xgoWJWY2RHsqBmXnnXcFGxSriNSM for authentication.,1
Please find the quarterly report attached.,0
"Did anyone s

ee my coffee mug?",0
Did anyone see my coffee mug?,0
Patient Jane Smith has a history of asthma.,1
Authorization: Basic eySiGoTMmDK5Y2HeRSo5EBLEOuAEYxLj,1
Can you push the latest commit to the main branch?,0
Authorization: Basic eySCvjzORivv5fNM6U4YTKhgwsMcisLq,1
The marketing campaign starts next month.,0
Authorization: Basic eyjYV4StNpXZxPBzQBX5iPYzlkEAWWdP,1
"Hello team, please review the attached document for tomorrow's meeting.",0
<p>Let's schedule a call for next week to discuss the architecture.</p>,0
Don't forget to submit your timesheets.,0
Please find the quarterly___ report attached.,0
I'm getting a 404 error on the homepage.,0
"<div>Hello team, please review the attached document for tomorrow's meeting=====.</div>",0
"Hello team, please review the attached document for tomorrow's meeting.",0
Please use this credit card for the transaction: 4993 9039 5955 3792,1
Don't forget to submit your timesheets.,0
"Update the config with secret_key=11KphD2

fvcDq",1
My social security number is 425-17-6060.****,1
Use bearer token eyUxvxPvJzHKCAyCPhKnrLpgmSpps3uQ for authentication.,1
The new feature will be deployed on Friday.,0
My passport===== number is J4163977,1
The database password is H1KznraLdEfX,1
Plea****se process the refund to card 4788 6934 6081 5620,1
<span>The integration tests passed successfully.</span>,0
Please process the refund to card 4706 6125 9666 2616,1
Please use this credit card for the transaction: 4207 4259 6278 6951,1
My social security number is ****156-53-1255.,1
<div>My passport number is G2581459</div>,1
Update the config with secret_key=JWya9QfB7IMs,1
"The ma

rketing campaign starts next month.",0
Can you push the latest commit to the main branch?,0
"The backup database credent    ials are user: admin, password: H7vVpJXTSwdn",1
"<b>The backup database credentials are user: admin, password: R9___S1zRLtiabO</b>",1
Can     someone review my pull request?,0
The weather is quite nice today.,0
Here are the Stripe API keys: AKIALHP1Y****KDUG85LSJ52,1
You can     access the AWS API with key AKIAXUFKKS1I1OJMRCGG,1
Let's schedule a call for next week to discuss the architecture.,0
My passport numbe=====r is D9899336,1
I will be out of office next Mond****ay.,0
I'm getting a 404 error on the home    page.,0
Patient John Doe has a history of diabete****s.,1
"Here is the private key for the server: -----BEGIN RSA PRIVATE KEY-----
6OinfYiXrNVha9go552Qa2hJG7d6fTx7
-----END RSA PRIVATE KEY-----",1
"The backup database credentials are user: admin, password: WuCrhWRHZSkZ",1
I will be out of office next Monday.,0
"<div>Here is the private key for the server: -----BEGIN RSA PRIVATE KEY-----
2Gr8FIeIvxon9t9Z9mChiseIjrQkRMTX
-----END RSA PRIVATE KEY-----</div>",1
Please find the quarterly report attached.,0
"<p>The SSH key to access the prod server is: -----BEGIN RSA PRIVATE KEY-----
ALsRIrIAV6lAuInVcnoUxKR5qFUCiSey
-----END RSA PRIVATE KEY-----</p>",1
Authorization: Basic eyHJoDIS2dhg406f8uXvPLGhohZJ8Kis,1
"The SSH key to access the prod server is: -----BEGIN RSA PRIVATE KEY-----
acx7wSIT8gffYpFUavvxU8p7I3xM7FjI
-----END RSA PRIVATE KEY-----",1
Please process the refund to card 4622 9138 8403 2343,1
The new feature will be deployed on Friday.,0
"Here is the private key for the server: -----BEGIN RSA PRIVATE KEY-----
GvndzFWAyDfrNdErjUOYloxdj54t8Pgp
-----END RSA PRIVATE KEY-----",1
I'm getting a 404 error on the homepage.,0
Don't forget to submit your timesheets.,0
"Hello team, please review the attached document for tomorrow's meeting.",0
Plea___se use this credit card for the transaction: 4317 3104 4091 2991,1
<span>Did anyone s    ee my coffee mug?</span>,0
Can someone review my pull request?,0
Did any--------one see my coffee mug?,0
The new feature will be deployed on Friday.,0
My social security number is 504-77-1930.,1
Customer'=====s home address is 261 Pine St.,1
Please use this credit card for the transaction: 4060 8889 1529 6001,1
Patient Jane Smith has a history of diabetes.,1
<p>We need to update the CSS on the landing     page.</p>,0
<p>You can access the AWS API with key AKIACRMBKUY9NHLGS2WF</p>,1
"The backup database credentials are user: admin, password: sSSxR5ZPk2DD",1
Can you push the latest commit to the main branch?,0
"The da

tabase password is Gr9xZWg2XijK",1
Please use this credit card for the transaction: 4197 807****4 8281 9447,1
Please find the quarterly report attached.,0
Can you push the latest commit to the main branch?,0
He=====re are the Stripe API keys: AKIAIEFKNMXXBBTRHLZY,1
I will be =====out of office next Monday.,0
"The backup database credentials are user: admin    , password: ZDnmKcGjyryH",1
Please use this credit card for the transaction: 4117 3094 7741 7378,1
The marketing campaign starts next month.,0
I'm getting a 404 error on the homepage.,0
My passport number is N2423770,1
"<span>Authori

zation: Basic eyC0CSjC9B1baPzyycv2FqE0KTWwRvQ0</span>",1
My passport number is D3682303,1
Use bearer token eyooA7hbhdXekp8WRe6P4ljA483ANV11 for authentication.,1
The CPU usage spiked around 3 PM.,0
"The SSH key to access the prod server is: --=====---BEGIN RSA PRIVATE KEY-----
KaKmZYnvHwW229Raa2aem5mRTZZGyTDO
-----END RSA PRIVATE KEY-----",1
<div>T=====he CPU usage spiked around 3 PM.</div>,0
Customer's home address is 388 Pine St.,1
I'm getting a 404 error on the homepage.,0
"Hello team, please review the attached document for tomorrow's meeting.",0
Don't forget to submit your timesheets.,0
My social security number is 142-20-1713.,1
Can someone review my pull request?,0
"The backup database credentials are user: admin, password: OJvNyNt7REIW",1
Authorization: Basic ey840Y07W9Dq2VYm1YhQbq8LidtCBeY2,1
The weather is quite nice today.,0
Please find the quarterly report attached.,0
"The SSH key to access the prod server is: -----BEGIN RSA PRIVATE KEY-----
T2deCOlRONOyYQODGxObWMjJpeu00RDN
-----END RSA PRIVATE KEY-----",1
Can you push the latest commit to the main branch?,0
"Here

 is the private key for the server: -----BEGIN RSA PRIVATE KEY-----
8QvCeIpRKpAIytRFyw0VnqzjqjkqGhqJ
-----END RSA PRIVATE KEY-----",1
"The SSH key to access the pr___od server is: -----BEGIN RSA PRIVATE KEY-----
D1mH0ATgfxMMhBDUR6CEJvdlfqriAEYW
-----END RSA PRIVATE KEY-----",1
"Here is the private key for the server: -----BEGIN RSA PRIVATE KEY---    --
gJmV0eXwO0VN01eSAeLXhldJaCfxlehs
-----END RSA PRIVATE KEY-----",1
Let's schedule a call for next week t___o discuss the architecture.,0
My passport number is G4192913,1
"Let's sche

dule a call for next week to discuss the architecture.",0
"Hello team, please review the attached document for tomorrow's meeting.",0
The CPU usage spiked around 3 PM.,0
<span>Patient Jane Smith has a history of asthma.</span>,1
"The backup database credentials are user: admin, password: 5wfjCT7ACJNf",1
My social security number is 579-73-6381.,1
The weather is quite nice today.,0
The database pa    ssword is Pw5mo792BhU3,1
<b>My social security number is 891-80-4756.</b>,1
The weather is quite nice today.,0
Use bearer token eypwktMuaNx2qhbvj13rOqy0EjTBPfRO for authenticat___ion.,1
<b>Please use this credit card for the transaction: 4287 6758 7029 2445</b>,1
Please use this credit ca****rd for the transaction: 4284 3977 1239 5993,1
I will be out of office next Monday.,0
The weather is quite nice today.,0
The marketing campaign starts next month.,0
___Use bearer token eyw0uTypgGIq2Z7UxMWtJB5i1ixYW552 for authentication.,1
Use bearer token eyNuRYFz3yBPTfW4bMaDSOgiF82Ql7Rg for authentication.,1
My p--------assport number is O4434910,1
"My passport number is G25

84585",1
I will be out of office next Monday.,0
Update the config with s___ecret_key=J8rkvSv7JMG0,1
Th    e marketing campaign starts next month.,0
"Use bearer token ey0F4l2XTrZqllTHGKurHASM6nLIttIO 

for authentication.",1
"The SSH key to access the prod server is: -----BEGIN RSA PRIVATE KEY-----
nmm0l3mlTDqfjy8clmoqlMpRskJe1AaS
-----END RSA PRIVATE KEY-----",1
"Hello team, please review the attached document for tomorrow's meet--------ing.",0
Use bearer token eylFa1ZIQdcV9Zg9lliKWHdl2QvKmnJY for authentication.,1
Use bearer token eyBjorfVDa06O5WpRZmkzGZlNFtqCjBS for authentication.,1
<div>Please find the quarterly report attached.</div>,0
The marketing campaign starts next month.,0
"The SSH key to access the prod server is: -----BEGIN RSA PRIVATE KEY-----
UOoss83vkRV5owBDcCELj4xYOLEFs75w
-----END RSA PRIVATE KEY-----",1
The new feature will**** be deployed on Friday.,0
<p>Update the config with secret_key=qG4g6xGFmuhD</p>,1
Let's schedule a call for next week to discuss the architectu****re.,0
Update the config with secret_key=6riqhYvwZzCX,1
I will be out of office next Monday.,0
"Here is the private key for the server: -----BEGIN RSA PRIVATE KEY-----
CqGwqu3XEsldaIK5mmXJFErsaAdVzIHk
-----END RSA PRIVATE KEY-----",1
The weather is quite nice today.,0
Did anyone see my coffee mug?,0
Can you push the latest commit to the main branch?,0
The database password is 1QOtw5l1oqVX,1
<span>You can access the AWS API with key AKIAMOOGEWUWTC5IOBSQ</span>,1
Customer's home address is 1860 Main St.,1
You can access the AWS API with key AKIA1PJEBTRHGQYSJV01,1
Don't forget to submit your timesheets.,0
Update the config with secret_key=o0nb7W95rboR,1
The new feature wil=====l be deployed on Friday.,0
Patient Bob has a history of ___asthma.,1
<div>Here are the Stripe API keys: AKIAQYCKTVWNK11VBXHV</div>,1
"<b>The backup database credentials are user: admin, password: XotImhujupyM</b>",1
The CPU usage spiked aroun****d 3 PM.,0
"The backup database credentials are user: admin, password: FqRIAxwV09Uy",1
I'm getting a 404 error on the homepage.,0
"Use bearer token ey9pjJDQyhxND

sHnzZ8ldU6v8ar1KLSd for authentication.",1
The marketing campaign starts next month.,0
Let's schedule a call for next week to discuss the architecture.,0
Can someone review my pull request?,0
Pa    tient Bob has a history of hypertension.,1
<div>You can access the AWS API with key AKIADIOQ3SR4KU7CZCFR</div>,1
The marketing campaign starts next month.,0
Patient John Doe has a history of asthma.,1
The weather is quite nice today.,0
Customer's home address is 7104 Pine St.,1
<div>****Did anyone see my coffee mug?</div>,0
The weather is quite nice today.,0
"The SSH key to access the prod server is: -----BEGIN RSA PRIVATE KEY-----
PRvPMtiLi615poaiauHQUWMz82lf53Gg
-----END RSA PRIVATE KEY-----",1
Please use this credit card for the transaction: 4804 7290 6543 4633,1
I'm getting a 404 error on the homepage.,0
<b>The weather is quite     nice today.</b>,0
Customer's home address is 3652 Pine     St.,1
<b>Update the config with secret_key=blgYScAtbjEi</b>,1
I'm getting a 404 error on the homepage.,0
I'm getting___ a 404 error on the homepage.,0
Did anyone see my coffee mug?,0
Did anyone see my coffee mug?,0
I'm ge___tting a 404 error on the homepage.,0
The integration tests passed successfully.,0
The integration tests passed successfully.,0
The marketing campaign starts next mon___th.,0
I'm getting a___ 404 error on the homepage.,0
"<span>The SSH key to access the prod server is: -----BEGIN RSA PRIVATE KEY-----
XWVqMLyBKYOJlh5yhhZUpWBClj3DDG****07
-----END RSA PRIVATE KEY-----</span>",1
<div>I'm getting a 404 error on the homepage.</div>,0
"Hello team, please review the a--------ttached document for tomorrow's meeting.",0
<div>My passport number is I6792780</div>,1
The integration tests passed successfully.,0
Can you push the latest commit to the main branch?,0
<div>Don't forget to submit your timesheets.</div>,0
<span>Don't forget to submit**** your timesheets.</span>,0
Please find the quarterly report attached.,0
My social security number is 557-37-2778.,1
My social security number is 441-77-9659.,1
The marketing campaign starts next month.,0
"The backup database credentials are user: admin, password: 6OmE2pf5wnBt",1
"<div>The backup database credentials are user: admin, password: chEchnkZTWaE</div>",1
Did anyone see my coffee mug?,0
We need to update the CSS on th=====e landing page.,0
The CPU usage spiked around 3 PM.,0
Update the config with secret_key=SPK3p7NXoQ1u,1
<span>My passport number is C63711    36</span>,1
Please use this credit card for the transaction: 4855 8013 6413 6583,1
The weather is___ quite nice today.,0
Don't forge    t to submit your timesheets.,0
"

Authorization: Basic ey5gf1wUgoFTk5369Uu2QTtIPNqjrffm",1
Please process the ref--------und to card 4823 5243 3884 9269,1
Authorization: Basic eyM60GhHxaNwBrT3w7EqXseJT5sGUchH,1
Can you push the la=====test commit to the main branch?,0
The marketing campaign===== starts next month.,0
Use bearer token eyMmTTyy73ph4E4Eih7LBRHQ4kWVEQdw for authentication.,1
Use bearer token eyZOFKTnoiScEx9Ohe1WDgbSX7RR7tdC for authentication.,1
--------I will be out of office next Monday.,0
"Hello team, please review the attached document for tomorrow's meeting.",0
My passport number is T6881043,1
"The SSH key to access the prod server is: -----BEGIN RSA PRIVATE KEY-----
DO0shX1toTBXCWpeicKYWHaHEI30kkVW
-----END RSA PRIVATE KEY-----",1
****We need to update the CSS on the landing page.,0
The integration tests passed successfully.,0
The CPU usage spiked around 3 PM.,0
Please find the quarterly report a___ttached.,0
Please use this credit card for the transaction: 4634 3883 3020 8950,1
"<span>Hello team, please review the attached document for tomorrow's meeting.</span>",0
<div>My social security number is 416-53-9179.</div>,1
Here are the Stripe API keys: AKIALOWKU6ZVPH6ECPXA,1
"Here is the private key for the server: -----BEGIN RSA PRIVATE KEY-----
0fFXbwKeYNy9pYaj9ApVnqxxTDBMBTwL
-----END RSA PRIVATE KEY-----",1
<p>Can someone review my pull request?</p>,0
"Hello team, plea

se review the attached document for tomorrow's meeting.",0
"Here is the private k

ey for the server: -----BEGIN RSA PRIVATE KEY-----
hAloEds0Ev998L500RUMyLnWTysWmlWH
-----END RSA PRIVATE KEY-----",1
<b>Did anyone see my coffee mug?</b>,0
Let's schedule a call for next week to discuss the architecture.,0
<p>The database password is xzvuzNho6h___YB</p>,1
Customer's home address is 1057 Main St.,1
"<span>The SSH key to access the prod server is: -----BEGIN RSA PRIVATE KEY-----
Hnsu2pWjmpWf9RcsYp7ciyux3BNc3bta
-----END RSA PRIVATE KEY-----</span>",1
--------Customer's home address is 3403 Pine St.,1
Don't forget to submit your timesheets.,0
<p>I will be out of office next Monday.</p>,0
Patient Jane Smith has a h___istory of asthma.,1
"The backup database credentials___ are user: admin, password: iVDHF5tjak6v",1
The database password is apYGpTwpXon--------v,1
<p>The integration tests passed successfully.</p>,0
My passport nu=====mber is A4019940,1
"Hello team, please review the attached document --------for tomorrow's meeting.",0
Don't     forget to submit your timesheets.,0
<p>Update the config with secret_key=xyvGCyLrF2i****U</p>,1
"The backup database credentials are user: admin, password: VmrJDuh6WQCj",1
Please process the refund to card 4271 2687 8873 3394,1
<div>I will be out of office next Monday.</div>,0
"Here is the private key for the server: -----BEGIN RSA PRIVATE KEY-----
q5fCe5s4WrwSQ31ALEMrkCYnvsPWgzTd
-----END RSA PRIVATE KEY-----",1
My social secu=====rity number is 569-75-8451.,1
<b>You can access the AWS API with key AKIAWSNN5N9KWLMRRUVV</b>,1
"Here is the priva****te key for the server: -----BEGIN RSA PRIVATE KEY-----
6q2sJFGmFxH2tFVQDIHWAIOgKL4kc1xJ
-----END RSA PRIVATE KEY-----",1
The database password is hBMmCuOhA0a3,1
Update the config with secr    et_key=3SadTup8PKD7,1
The CPU usage spiked around 3 PM.,0
The database password is jF8F8hInNrex,1
"The marketing campai

gn starts next month.",0
<div>Please use this credit card for the transaction: 4763 9656 2221 6247</div>,1
The integration tests passed successfully.,0
Authorization: Basic eyTypRXjFaKiKeFmJDGHRcgAAsPWoqnS,1
Did anyone s****ee my coffee mug?,0
The integration tests passed successfully.,0
Here are the Stripe API keys: AKIAKNZULFTTMT455EPA,1
The marketing campaign starts next month.,0
Please find the quarterly report attached.,0
"The backup database credentials are user: admin, password: PgrmiKaefHlw",1
Don't forget to submit your timesheets.,0
"Hello team, please review the attached document for tomorrow's meeting.",0
"Patient Bob has a history of diabetes.

",1
The CPU usage spiked around 3 PM.,0
"

Can you push the latest commit to the main branch?",0
I will be out of office next Monday.,0
The integration tests passed successfully.,0
<span>The weather is quite nice today.</span>,0
You can access the AWS API with key AKIAKDGTPIIZ****FCQ2SRWC,1
Please find the quarterly report attached.,0
You can access the AWS API with key AKIAQ5PHCQCNAIJUCROZ,1
<p>Patient John Doe has a history of diabetes.</p>,1
I'm getting a 404 error on the homepage.,0
Update the config with secret_key=wzWCmGZGbHLH,1
<b>Update the config with secret_key=VtNsuUvzu4Pw</b>,1
Can you push the latest commit to the main branch?,0
We need to update the CSS on the landing page.,0
Please use this credit card for the transaction: 4304 2252 8186 3488,1
I will be out of office next Monday.,0
<p>Authorization: Basic eyMMwuhW1KkTlwzMwLH6x3Ys2zQgMJQG</p>,1
"The new feature wil

l be deployed on Friday.",0
"<b>P

lease find the quarterly report attached.</b>",0
You can access the AWS API with key AKIAXEERFIHGEPFMWTSJ,1
Don't forget to submit your timesheets.,0
We need t****o update the CSS on the landing page.,0
The integration tests passed successfully.,0
<p>Update the config with secret_key=KEcgWaLgEXz2</p>,1
<b>I'm getting a =====404 error on the homepage.</b>,0
The new feature will be deployed on Friday.,0
Use bearer token eybLSBCQTkkzlIsBV2RW31nZ2KNwTTUm for authentication.,1
Please use this credit card for the transaction: 4035 7601 6697 4294,1
"<p>I will be out o

f office next Monday.</p>",0
"Did anyone see my

 coffee mug?",0
Here are the Stripe API keys: AKIAUJHIOJ9GRJ0VGC1A,1
The weather is quite nice today.,0
"Please us

e this credit card for the transaction: 4314 8205 1727 4080",1
Let's schedule a call for next week to discuss the architecture.,0
I'm getting a 404 error on the homepage.,0
<p>Don't forget to submit your timesh___eets.</p>,0
The marketing campaign starts next month.,0
Update the config with secret_key=t1RtnMYLUZig,1
Update the config with secret_key=6qIy9rBTuyH3,1
The integration tests passed successfully.,0
<span>Here are the Stripe API keys: AKIAIBQ0KBJ4WHRETIDJ</span>,1
Please use this credit card for the transaction: 4782 5566 5162 4223,1
Please find the quarterly report attached.,0
"<div>We need to update the 

CSS on the landing page.</div>",0
<b>Let's schedule a call for next week to discuss the architecture.</b>,0
Can you push the latest commit to the main branch?,0
Patient Alice ha--------s a history of hypertension.,1
"Hello team, please review t    he attached document for tomorrow's meeting.",0
Can someone r****eview my pull request?,0
<p>My passport number is S4334496</p>,1
"<b>The SSH key to access the prod server is: -----BEGIN RSA PRIVATE KEY-----
moPx7026aTOWe89WR7rZITcUEXbf2Inx
-----END RSA PRIVATE KEY-----</b>",1
<span>Please use this credit card for the transaction: 4362 2214 6745 3118</span>,1
Use bearer**** token ey9RzGFrqZXmxC8jMc2Izptn4NmqZx4O for authentication.,1
Don't forget ___to submit your timesheets.,0
I will be out of office next Monday.,0
I will be out of office next Monday.,0
Can yo    u push the latest commit to the main branch?,0
"The backup database credentials are user: admin, password: psXYLtZDdpbS",1
"The integration tests passed

 successfully.",0
H___ere are the Stripe API keys: AKIAZ418USULJQMX4QMN,1
"<p>Hello team, please review t    he attached document for tomorrow's meeting.</p>",0
"Hello team, please review the attached document for tomorrow's meeting.",0
<div>Authorization: Basic eyno1P7opuQblXQQrfVLYsXbJnXAS    unV</div>,1
Can someone review my pull request?,0
"The backup database credentials are user: admin, password: E

uQaCEctrYyX",1
"The backup database credentials are user: admin, password: QxFmaMD9QA3N",1
"Hello team, please review the attached document for tomorrow's meeting.",0
"Here is the private key for the server: -----BEGIN RSA PRIVATE KEY-----
kqkpJPsrtkpJCGQwTtGMyc1gXsXV3aXv
-----END RSA PRIVATE KEY-----",1
The weather is quite nice today.,0
Let's schedule a call for next week to discuss the architecture.,0
"The SSH key to access the prod server is: -----BEGIN RSA PRIVATE KEY-----
6pPUq4dYqhEJTfaOSao8mueG3OvUAyU7
-----END RSA PRIVATE KEY-----",1
"The backup database credentials are user: admin, password: cYxPs514ij2s",1
Don't forget to submit your timesheets.,0
<span>Authorization: Basic eyvODxKuAsBffSYp3JQLfejsw6zWf48i</span>,1
Patient Bob has a history of hypertension.,1
Patient Bob has a h****istory of asthma.,1
The database password is OrTr7eHxYgA1,1
Can you push the latest commit to the main branch?,0
Let's schedule a call for next week to discuss the architecture.,0
You can access the AWS API ****with key AKIAHURQOT8QLWFSR6UR,1
Did anyone see my coffee mug?--------,0
"<p>Here is the private key for the server: -----BEGIN RSA PRIVATE KEY-----
k4rvblaR57tPzHYpbCH29AYM2QwaSX0P--------
-----END RSA PRIVATE KEY-----</p>",1
Let's schedule ___a call for next week to discuss the architecture.,0
"Please process the refund to card 4747 9232 4726 

8884",1
The integration tests passed successfully.,0
Use bearer token eyBdczTEnQ57is7SRsnwzs0cqhj4eG25 for authentication.,1
"Can some

one review my pull request?",0
The database password is K0Qjol4fPQyh,1
The CPU usage spiked around 3 PM.,0
My social security number is 740-62-2689.,1
Can you push the latest commit to the main branch?,0
Please use this credit card for the transaction: 4170 6428 8129 1961,1
"The backup database credentials are user: admin, password: 90whSSCl0Iz5",1
Did anyone see my coffee mug?--------,0
The integratio****n tests passed successfully.,0
Her    e are the Stripe API keys: AKIA0EQRC29EBTZ6N4E8,1
"The SSH key to access the prod server is: -----BEGIN RSA PRIVATE KEY-----
0qAykCe589GIgOdm1D8HhHtuAfLyoniE
-----END RSA PRIVATE KEY-----",1
"<b>Can you push the latest comm

it to the main branch?</b>",0
Please find the quarterly report attached.,0
<span>Patient Ali    ce has a history of hypertension.</span>,1
I will be out of office next Monday.,0
"The SSH key to access the prod server is: -----BEGIN RSA P___RIVATE KEY-----
U3B415RuVOQWnNsDElehvcaEs0GHQV3z
-----END RSA PRIVATE KEY-----",1
Please use this credit card for the transaction: 4832 8966 4238 1469,1
"Here is the private key for the server: -----BEGIN RSA PRIVATE KEY-----
eFMEw9IVa9pJJrrwsXta1S8VhVYh8n5q
-----END RSA PRIVATE KEY-------------",1
Please find the quarterly report attached.,0
"Hello team, please review the attached document for tomorrow's meeting.",0
Use bearer token ey3ktnLLUBl5DVs7S3EhqxjqnoIeY53C for authentication.,1
Can you push the latest commit to the main branch?,0
"Here is the private key for the server: -----BE--------GIN RSA PRIVATE KEY-----
FSkkNESiZrUIUUZjj1gCNS7Pi9usCczg
-----END RSA PRIVATE KEY-----",1
The marketing campaign starts next month.,0
The database password is F4OXYtaq50Tu,1
<p>The integration tests passed successfully.</p>,0
Did anyone see my coffee mug?,0
<div>Updat    e the config with secret_key=skwLkKZBN1T7</div>,1
The marketing campaign starts next month.,0
U    pdate the config with secret_key=FC1ZKQybLyez,1
Don't forget to submit your timesheets.,0
Use bearer token eyGc73VQHFgvEk27dszVfZ6FRWwV2yHy for authentication.,1
My passport number is P5870877,1
Patient Jane Smith has a history of asthma.,1
"<div>Hello team, please review the attached document for     tomorrow's meeting.</div>",0
Please find the quarterly report attached.,0
<span>I'm getting a 404 error on the homepage.</span>,0
The new fea    ture will be deployed on Friday.,0
Did anyone see my coffee mug?,0
Patient John Doe h--------as a history of diabetes.,1
I will be out of office next Monday.,0
The integration tests passed successfully.,0
"Here is the private key for the server: -----BEGIN**** RSA PRIVATE KEY-----
2N8Gpu03x4dk16h0NTVToT9ZfZph5iwn
-----END RSA PRIVATE KEY-----",1
Customer's home address is 650 Oak St.,1
"The backup database credentials are user: admin, password: 5Zwmx9pZgsxJ",1
Don't forget to submit --------your timesheets.,0
We need to update the CSS on the landing page.,0
"Hello team, please review the attached document for tomor

row's meeting.",0
"Update the config with se

cret_key=f7qUO80nhPlr",1
Here are the Stripe API keys: AKIARIXDEI50UWGQW5AA,1
You can access the AWS API with key AKIAIPHP    YUY9PSBM0L2H,1
"Hello team, please review the attached document for tomorrow's meeting.",0
"The backup database credentials are user: admin, password: ymg58t8ZGm9Y",1
The new feature will be deployed on Friday.,0
<p>We need to update the CSS on the landing page.</p>,0
"The marketing

 campaign starts next month.",0
<b>You can access the AWS API with key AKIAF1WNKAJVEMIYDNBM</b>,1
We need to update the CSS on the landing page.,0
Patient Jane Smith has a history of hypertension.,1
<b>The marketing campaign starts next month.</b>,0
<div>The new feature will be deployed on Friday.</div>,0
"Hello team, please review the attached document for tomorrow's meeting.",0
The ma--------rketing campaign starts next month.,0
The marketing campaign sta--------rts next month.,0
<div>The integration tests passed successfully.</div>,0
Use bearer token eyjw6eBLijb4VqkdgGyxnUgWujodL64J for authentication.,1
"The SSH key to access the prod server is: -----BEGIN RSA PRIVATE KEY-----
xwH8dSC3wTzqLKwi7FgSdeYJ67pXpgPF
-----END RSA PRIVATE KEY-----",1
"The backup database credentials are user: admin, password: OjhXPu9DQ3IE",1
The weather is quite nice today.,0
"The database password is NbJGAa

pmx6n4",1
We need to update the CSS on the landing page.,0
Please use this credit card for the transaction: 4846 9926 6207 8774,1
Customer's home address is 297 Pine St.,1
Use bearer token eyLdRN2qbJ4ef3kGyATYjq3ntUEl5GEM for authentication.,1
We need to u    pdate the CSS on the landing page.,0
Customer's home address is===== 6826 Pine St.,1
The CPU usage spiked around 3 PM.,0
Can you pus--------h the latest commit to the main branch?,0
"Th--------e SSH key to access the prod server is: -----BEGIN RSA PRIVATE KEY-----
dM4bPFZITo2voK2p9vq9JmDKkifwWaBB
-----END RSA PRIVATE KEY-----",1
<span>Customer's home address is 1492 Pine St.</span>,1
Let's schedule a call for next week to discuss the architecture.,0
Please find the quarterly report att****ached.,0
<span>Can you push the latest commit to the main branch?</span>,0
<span>Here are the Stripe API keys: AKIA0G1EWREAQF3OB826</span>,1
"<b>The data

base password is DXGW8fSrh8nj</b>",1
"Update the config with secret_key=A6XT5Xz

78bhn",1
My social security number is 284-36-5533=====.,1
Did anyone see my coffee mug?,0
Please find the quarterly report attached.,0
Can someone review my pull request?,0
My passport number is N8205449,1
You can access the AWS API with key AKIABVXKTST--------1H9DMUYKU,1
Can you push the latest commit to the main branch?,0
The integration tests passed successfully.,0
"Here is the private key for the server: -----BEGIN RSA PRIVATE KEY-----
sAQIe65LfK1I641CXUqt6

Pr6kcsZXGlp
-----END RSA PRIVATE KEY-----",1
The CPU usage spiked around 3 PM.,0
Patient John Doe has a history of asthma.,1
We need to update the CSS on the landing page.,0
"My passport number 

is W3391574",1
The integration tests passed successfully.,0
The marketing campaign starts next month.,0
Here are the Stripe API keys: AKIAPVMAPZ08WEXVLJDR,1
Can you push the latest commit to the main branch?,0
The integration tests passed successfully.,0
<b>You can access the AWS API wit=====h key AKIAHMOCDQ9YHL5DKNKW</b>,1
"The SSH key to access the prod server is: -----BEGIN RSA PRIVATE KEY-----
fzuhfq36cTY499WEaghViepmRmrghq6U
-----END RSA PRIVATE KEY-----",1
Customer's home address is 5428 Pine St.,1
You can access the AWS API with key AKIAEU9GQTDUEMIVRWX0,1
I'm getting a 404 error on the homepage.,0
<b>Patient Alice has a history of hypertension.</b>,1
Please process the refund to card 4217 4916 9657 4475,1
Customer's home address is 6870 Main     St.,1
I will be out of office next Monday.,0
The weather is quite nice today.,0
My social security number is 490-33-8177.,1
Can someone review my pull request?,0
"The SSH key to access the prod server is: -----BEGIN RSA PRIVATE KEY-----
dVs6iqIy0SoUl9ri6cqWGdo3azCsfMEr
-----END RSA PRIVATE KEY-----",1
We need to update the CSS on the landing page.,0
Use bearer token eyYufLJ6IKpnVsT0Fr4RcoheVnALB5t5 for authentication.,1
The database password is gN7FUQUzh0uH,1
The database password is 87i7KJJxzy8G,1
I'm getting a 404 error on the homepage.,0
The CPU usage spiked around 3 PM.,0
Please process the refund to card 4690 40=====94 2968 4946,1
The databas****e password is ETMbFZ2JbgJU,1
Patient Bob has a history of diabetes.,1
The marketing cam****paign starts next month.,0
"Hello team, please review the attached document for tomorrow's meeting.",0
You can access the AWS API with key AKIAWK03IFRIZSIDYHJ4,1
Did anyone see my coffee mug?,0
Update the config with secret_key=3elo5kHIqFa0,1
The marketing campaign starts next month.,0
The marketing campaign starts next month.,0
Here are the Stripe API keys: AKIADJTJTVCNNJJTQE24,1
<span>The marketing campaign starts next-------- month.</span>,0
Please use this credit card for the transaction: 4292 2817 3084 9537,1
Please process the refund to card 4649 3328 7363 6611,1
Can you push the latest commit to the main branch?,0
Here are the Stripe API keys: AKIA2HAK1I4TDER3VY0A,1
We need to update the CSS on the landing page.,0
I will be out of office next Monday.,0
<b>You can access the AWS API with key AKIAWAWMECCUVF9GFQIS</b>,1
My passport number is B2705014,1
"<div>I'm getting a 404 error on

 the homepage.</div>",0
"Here is the private key f****or the server: -----BEGIN RSA PRIVATE KEY-----
CtVqHdjlqj6W5IYHg9tdeEurvdQBh1k0
-----END RSA PRIVATE KEY-----",1
"<p>The backup database credentials are user: admin, password: 28nnxvIJh0tb</p>",1
"The backup database credentials are user: admin, password: RKZAe5CjI34Q",1
<div>The CPU usage spiked around 3 PM.</div>,0
"Hello team, please review the attached document for tomorrow's meeting.",0
Update the config with secret_key=g8EwCMEBAj9P,1
The weather is qu___ite nice today.,0
We need to update the CSS on the landing page.,0
<b>The marketing campaign starts next month.</b>,0
"The backup database credentials are user: admin, password: eBYyE6t5aWoA",1
Here are the Stripe API keys: AKIAZJWWAQ49Y27LAHQI,1
Please find the quarterly report attached.,0
<span>Here are the Stripe API keys: AKIA2OQC2MGCTWTS114U</span>,1
"The backup database credentials are user: admin, password: QES

suc4A0NVr",1
Please process the refund to card 4986 3900 1037 6001,1
<p>Here are the Stripe API keys: AKIASL3IF9SHYCZ7JGTB</p>,1
<p>My social security number is 574-99-8648.</p>,1
<div>Use bearer token eyAyIApXW8XQX0q7Ate3xOt29PegKq6j for authentication.</div>,1
"The backup database credentials are user: admin, password: AR3zF4HeGASg",1
Use bearer token ey9fjctfr0XvY07IuKCOLsTxNuv83r3r for authentication.,1
Don't forget to submit your ti___mesheets.,0
"The backup database credentials are user: admin, password: 8jKGfXpL81jz",1
Use bearer token eyoErRP3p81xRmmJnEHPets1pA3en6sq for authentication.,1
I'm getting a 404 error on the homepage.,0
The integration tests passed =====successfully.,0
The new feature will be deployed on Fri    day.,0
Please use this credit card for the transaction: 4565 4765 4519 9682,1
Update the config with secret_key=HFaayPmqdKXe,1
I'm getting a 404 error on the homepage.,0
<b>Please use this credit card for the transaction: 4600 1210 1733 1816</b>,1
The CPU usage spiked around 3 PM.,0
Update the config with secret_--------key=hcgBzpDcqfAY,1
You can access the___ AWS API with key AKIAWRJ9MZCS9QRJUIN2,1
<span>Please find the quarterly report attached.</span>,0
Please use this credit card for the transaction: 4328 2613 9041 2470,1
The mar    keting campaign starts next month.,0
The database password is PTGGaXcK8zXv,1
The database password is 8tWf20rYLUal,1
Please find the quarterly report attached.,0
<span>Don't forget to submit your timesheets.</span>,0
Can you push the latest commit to the main branch?,0
The database password is WWa0eO2HIbgU,1
Please use this credit card for the transaction: 4275 8448 5164 9601,1
My social security number is 163-43-7655.,1
The d****atabase password is k5tas6XrvHzQ,1
<span>Use bearer token ey5aSS3Pj98KXRDdQBiP89puyQDNqTIZ for authentication.</span>,1
Don't forget to submit your timesheets.,0
Please use this credit card for the transaction: 4601 6867 2085 9136,1
"The SSH key to access the prod server is: -----BEGIN RSA PRIVATE KEY-----
Q6muXIXWLwl7JXQ1N3yU67vCRUbo7oz1
-----END RSA PRIVATE KEY-----",1
Please find the quarterly report attached.,0
<p>Don't forget to submit your timesheets.</p>,0
Can you push the latest commit to the main branch?,0
<div>Patient John Doe has a h=====istory of asthma.</div>,1
"<p>Here is the private key for the server: -----BEGIN RSA PRIVATE KEY-----
XCJ3UgNyX4awHAEedFQC3HgdEwT7pJ8n
-----END RSA PRIVATE KEY-----</p>",1
Custo=====mer's home address is 8195 Oak St.,1
Did anyone see my coffee mug?,0
Authorization: Basic ey93lEFXcTk6lQDTIqbRcqWkEBJprBq8,1
You can access the AWS API with key =====AKIAZ3CWJ9SYPXWALQD7,1
The integration tests passed successfully.,0
I'm getting a 404 error on the homepa=====ge.,0
"<div>Here is the private key for the server: -----BEGIN RSA PRIVATE KEY-----
LKkkVhQd5qtVi1WkIuTmNoS7BFOy9lo9
-----END RSA PRIVATE KEY-----</div>",1
Update the config with secret_key=uWGCL--------cyu9DVC,1
The integration tests passed successfully.,0
The weather is quite nice --------today.,0
The CPU usage spiked around 3 PM.,0
Here are-------- the Stripe API keys: AKIAUWRWKZF2CNLQG2FJ,1
The CPU usage spiked around 3 PM.,0
Update the config with secret_key=cdrZ3SYWmC9R,1
"Update the config with 

secret_key=AuQBlX031o2K",1
Did anyone see my coffee mug?,0
You can access the AWS API with key AKIA86IHNWY0QYN2P0KK,1
Please process the     refund to card 4769 7559 3335 8987,1
Can someone review my p    ull request?,0
You can acces=====s the AWS API with key AKIALKLEQ8XCCGXLT2ZG,1
Can someone review my pull request?,0
The database password     is m6XxtOOFoIAh,1
"The SSH key to access t****he prod server is: -----BEGIN RSA PRIVATE KEY-----
eTmjWJzhRm6UuH3z47XbvFxFZiUrw5gP
-----END RSA PRIVATE KEY-----",1
<p>We need to update the**** CSS on the landing page.</p>,0
"<div>Here is the private key for the server: -----BEGIN RSA PRIVATE KEY-----
5keCNk4V2e8pQeP0mp4u5UtYtfijrtWd
-----END RSA PRIVATE KEY-----</div>",1
<span>The marketing campaign starts next month.</span>,0
Did anyone see my coffee mug?,0
<div>I'm getting a 404 error on the homepage.</div>,0
Let's schedule a call for next week to discuss the architecture.,0
The integration tests passed successfully.,0
Update the config with secret_key=02cn9dQ7ejPQ,1
You can access the AWS API with key AKIAUBDSEO79CR3MLAAW,1
Can you push the latest commit to the main branch?,0
Patient Jane Smith has a history of hypertension.,1
Don't forget to submit your timesheets.,0
Please find the quarterly report attached.,0
I will =====be out of office next Monday.,0
Don't forget t___o submit your timesheets.,0
"Hello team, please review the attached document for tomorrow's meeting.",0
The weather is quite nice today.,0
Customer's home address is 1754 Pine St.,1
The integration tests passed successfully.,0
"Can you

 push the latest commit to the main branch?",0
My social security number is 111-29-4922.,1
I will be out of office next Monday.,0
<div>Please find the quarterly report attached.</div>,0
The weather is quite nice today.,0
<b>The database password is 9L1UjvsQnZ6T</b>,1
The CPU usage spiked around 3 PM.,0
The new feature will be deployed on Friday.,0
"<div>We need 

to update the CSS on the landing page.</div>",0
"

The weather is quite nice today.",0
The database password is VsDd1wCFe2YB,1
The integration tests passed successfully.,0
Here are the Stripe API keys: AKIADUPMZMZXWMPR8T27,1
I'm getting a 404 error on the homepage.,0
Did anyone see my coffee mu****g?,0
<p>Can you push the latest commit to the main branch?</p>,0
The CPU usage spiked around 3 PM.,0
"Please p

rocess the refund to card 4923 2274 9950 5328",1
The marketing campaign starts next month.,0
Yo=====u can access the AWS API with key AKIA6RMVMNIZLREWDYFU,1
"The SSH key to access the prod server is: -----BEGIN RSA PRIVATE KEY-----
kAzfLMGTgcCV9ruuBi4IXjYdZlkMKq64
-----END RSA PRIVATE KEY-----",1
Use bearer token eyW8qsR1MvO9oANaKr2QA8VFzpc8uIoj for authentication.,1
The new feature will be deployed on Friday.,0
Can someone review my pull request?,0
<div>My social security number is 265-59-8621.</div>,1
The marketing campaign starts next month.,0
<div>Customer's home address is 3270 Pine St.--------</div>,1
<p>Use bearer token ey2yIzFyno7cvHtlHt0DAOXJrqNi4Jo0 for authentication.</p>,1
<b>Use bearer token eywT6npdjkTRNvCz4ycvGBJfBsIbuJ3o for authentication.</b>,1
You can access the AWS ___API with key AKIAZV6WH6MSXSHXPSBX,1
I will be out of office next Monday.,0
Did anyone see my coffee mug?,0
"<span>Please find the quarterly 

report attached.</span>",0
The database password is cagt8Q6vkGCF,1
Can someone review===== my pull request?,0
Patient Bob has a history of asthma.,1
Let's schedule a call for next week to discuss the architecture.,0
Patient Jane Smith has a history of asthma.,1
<span>You can access the AWS API with key AKIATHK6Y9DFUBWMHSAQ</span>,1
Please process the refund to card 4780 1564 3537 7664,1
<b>Let's schedule a call for next week to discuss the architecture.</b>,0
"My passport num

ber is S4840684",1
Patient Jane Smith===== has a history of diabetes.,1
<b>Let's schedule a call for next week to discuss the architecture.</b>,0
"The backup database credentials are user: admin, password: Pm4Mm17H1ngL",1
The CPU usage spiked around 3 PM.,0
You can access the AWS API with key AKIA6CE8HLK52HVXZW9G,1
"The CPU usage spiked around 3 PM

.",0
Patient Jane Smith has a history of hypertension.,1
Customer's home address is 9778 Pine St.,1
The database password is 96X77XHazeXL,1
The new feature will be deployed on Friday.,0
Please find the quarterly report attached.,0
Use bearer token eyI664dSiNnRFzVUuDf8NiPKcj94Ym76 for authentication.,1
Here are the Stripe API keys: AKIAVL84CO1T5SF    OIVOD,1
<b>Can you push the latest commit to the main branc    h?</b>,0
<b>Patient Jane Smith has a history of asthma.</b>,1
The weather is quite nice today.,0
The weather is quite nice today.,0
"Hello team, please review the attached document for tomorrow's meeting.",0
You can access the AWS API with key AKIAUVK0YNN6NG    RPYBDD,1
"Here is the private key for the server: -----BEGIN RSA PRIVATE KEY-----
tQjHyqWiP9No4Tgmoqu9abCULC3Acw9l
-----END RSA PRIVATE KEY-----",1
Pleas****e find the quarterly report attached.,0
Use bearer token ey0jR5BjvtjI1UetoNBjzj12rUbUk5Lq for authentication.,1
"The backup database credentials are user: a

dmin, password: U8dPyTUF5rMo",1
Please find the quarterly report attached.,0
The new feature will be deployed on Friday.,0
<span>Custome--------r's home address is 9299 Pine St.</span>,1
Customer's home address is 1989 Mai--------n St.,1
Don't forget to submit your timesheets.,0
Use bearer token eyzXlphSfJH8uJPqGKLxAkfdAZLESwxk for authent=====ication.,1
I'm getting a 404 error on the homepage.,0
<b>Let's schedule a call for next week to discuss the architecture.</b>,0
"The backup database credentials are user: admin, password: Moyoh67hXwCV",1
Can you push the latest commit to the main branch?,0
My social security number is 596-23-6036.,1
Please find the quarterly report attached.,0
Please find the quarterly report attached.,0
<b>I'm getting a 404 error on the homepage.</b>,0
"Here is the private key for the server: -----BEGIN RSA PRIVATE KEY-----
vWswxyQU7WeJU60xHBsKK4Q7fBac1LPv
----___-END RSA PRIVATE KEY-----",1
"Hello team, please review the attached document for tomorrow's me--------eting.",0
Don't forget to submit your timesheets.,0
We need to update the CSS on the landing page.,0
Update the config with secret_key=sNR09=====6StBZFw,1
"<span>Customer's home addr

ess is 8272 Pine St.</span>",1
Please find the quarterly report attached.,0
The weather is quite nice today.,0
I will be out of office next Monday.,0
"The integration tests passed s

uccessfully.",0
The database password i****s W4RARNzLT5Xr,1
"Here is the private key for the server: -----BEGIN RSA PRIVATE KEY-----
9V2Ilm14EzOLdPVudB3xbkIAWgbrCvG1
-----END RSA PRIVATE KEY-----",1
The marketing campai****gn starts next month.,0
<p>Can some****one review my pull request?</p>,0
Did anyone see my coffee mug?,0
The weather is quite nice today.,0
Did anyone see my coffee mug?,0
I'm getting a 404 error on the homepage.,0
My passport number is K5963647,1
The CPU usage**** spiked around 3 PM.,0
Can someone review my pull request?,0
<div>The CP--------U usage spiked around 3 PM.</div>,0
Please find the quarterly report attached.,0
<div>Let's schedule a call for next week to discuss the architecture.</div>,0
"<b>We 

need to update the CSS on the landing page.</b>",0
Did anyone see my coffee mug?,0
My passport number is T4538905,1
"Hello team, please review the attached document for tomorrow's meeting.",0
Patient Jane Smith has a history of hypertension.,1
Don't forget to submit your timesheets.,0
Update the config with se****cret_key=l71xEgkDZZky,1
We need to update the CSS on the landing page.,0
<span>Here are the Stripe API keys: AKIA92QJKO1M6UIN8OYS</span>,1
My social security number is 144-44-2889.,1
<div>Please use this credit card for the transaction: 4815 1867 8142 3764</div>,1
Authorization: Basic eyOkRYC1O20g5qyW5fEqHv4qYbOEdlVW,1
"Here is the private key for the server: -----BEGIN RSA PRIVATE KEY-----
mazBYxwnu2ZYvPvrfFW9sePwWb0WFrlp
-----END RSA PRIVATE KEY-----",1
Please process the refund to card 4157 3696 1955 9579,1
Update the config with secret_key=LAb85RZuE6n2,1
"The SSH key to access the prod server is: -----BEGIN RSA PRIVATE KEY-----
4bJoiQRDg8xxFqGRcFwHl3cUcubdY5J0
-----END RSA PRIVATE KEY-----",1
Update the config with secre****t_key=lMzh6CaVldOt,1
<p>Customer's home address is 780 Main ****St.</p>,1
The marketing campaign starts next month.,0
"Here is the private key for the server: -----BEGIN RSA PRIVATE KEY-----
RFNoOVa6iUDrUJTlh1xlNnjl458UkrmW
-----END RSA PRIVATE KEY-----",1
Aut___horization: Basic eyyO0MmEGZgIvDdEy6NVOWrjKILbj50C,1
The marketing campaign starts next month.,0
I will be out of offic****e next Monday.,0
<p>Please use this credit card for the transaction: 4392 3127 4922 5221</p>,1
Please use this credit card for the transaction: 4650 2411 5069 8545,1
Use bearer token eycU7ket9It5cj3cmemNDOpFG5WAhYQu for authentication.,1
The new feature will be deployed on Friday.,0
Can someone review my pull request?,0
Can someone review my pull request?,0
We need to update the CSS on the landing page.,0
The weather is quite nice today.,0
<div>The weather is quite nice today.</div>,0
<p>The database password is YCB9M1KWBYZV</p>,1
"Here is the private key for the server: -----BEGIN RSA PRIVATE KEY-----
vL7K5WGJjK1eJItkI6Xoi8SaZIidoISc
-----END RSA PRIVATE KEY-----",1
My passport num****ber is F2597245,1
Please find the quarterly report attached.,0
My social security number is 219-71-1736.,1
Please process the refund to card 4068 9291 438****2 4487,1
The weather is quite nice today.,0
<p>Patient John Doe has a history of asthma.</p>,1
<b>Authorization: Basic eyI044jmGO9qzl2    Wlun7KdsxqJOt6M7i</b>,1
"The backup database credentials are user: admin, password: fa8PuKSuH8KR",1
My social security number is 401-20-1400.,1
The marketing campaign starts next month.,0
"<p>Here is the private key for the server: -----BEGIN RSA PRIVATE KEY-----
efaXHlhe0f6jeVkSlJZ5lMSWfHXTBwt8
-----END RSA PRIVATE KEY-----</p>",1
The CPU usage spiked around 3===== PM.,0
You can access the AWS API with key AKIAWPPNQVYTZYCAUXRH,1
"The SSH key to access the prod server is: -----BEGIN RSA PRIVATE KEY-----
XTFvNK1Fon1zswoJqoFmjE6kvazkfcBv
-----END RSA PRIVATE KEY-----",1
The CPU usage spiked around 3 PM.,0
My social security number is 793-81-4287.,1
"The backup database credentials are user: admin, password: rAdoyqM0X4VE",1
You can access the AWS API with key AKIA2RTBZK51EU0DQVVE,1
<div>My passport number is M9651625</div>,1
<b>Can you push the latest commit to the main branch?</b>,0
Please     find the quarterly report attached.,0
Can you push the latest commi=====t to the main branch?,0
Customer's home address i    s 9483 Pine St.,1
The integration tests passed successfully.,0
Please use this credit card for the transaction: 4930 8677 4556 9250,1
The CPU usage spiked around 3 PM.,0
Don't forget to submit your timesheets.,0
Patient Alice has a history of asthma.,1
"<div>Hello team, please review the attached document for tomorrow's meeting.</div>",0
Customer's     home address is 1958 Main St.,1
Did anyone see my coffee mug?,0
"The SSH key to access the prod server is: -----BEGIN RSA PRIVATE KEY-----
xVWMbzbPbVKhl7pxRaV5CTJexKjb93KO
-----END RSA PRIVATE KEY-----",1
"The backup database credentials are user: admin, password: 0Emh8nZtxiO0",1
<div>The marketing campaign starts next month.</div>,0
Don't forget to submit your timesheets.,0
The weather is quite nice today.,0
"Here is the private key for the server: -----BEGIN RSA PRIVATE KEY-----
Dm5lgPnEZ0HOLraMb9N297IAPIdKjjDo
-----END RSA PRIVATE KEY-----",1
Can you push the latest commit to the main br****anch?,0
The marketing campaign star    ts next month.,0
Please process the refund to card 4823 4940 9484 8708,1
Please use this credit card for the transaction: 4862 5388 8823 8110,1
Patient Bob has a history of diabetes.,1
<span>The CPU usag___e spiked around 3 PM.</span>,0
Did anyone se=====e my coffee mug?,0
The marketing campaign starts next month.,0
Can someone review my pull request?,0
We need to update the CSS on the landing page.,0
<span>The new feature will be deployed on Friday.</span>,0
Please use this credit card =====for the transaction: 4991 5697 9909 2116,1
<b>Did anyon****e see my coffee mug?</b>,0
Don't forget to submit your timesheets.,0
Update t    he config with secret_key=j3XHXUjgSDBr,1
Please pr****ocess the refund to card 4172 6255 8038 8091,1
The integration tests passed successfully.,0
"Here is the private key for the =====server: -----BEGIN RSA PRIVATE KEY-----
yu0uvDpYez3NUDv2SLl6034CDAkQESYx
-----END RSA PRIVATE KEY-----",1
Authorization: Basic eyLJb5lVGVuQYF2rvzHQRepcGMDdyZWY,1
"The SSH key to access the prod server is: -----BEGIN RSA PRIVATE KEY-----
k5hstF6EthkUoPoRPUKIPCpYTc5J8SQS
-----END RSA PRIVATE KEY-----",1
My passpor    t number is I2018061,1
My passport number is I5842933,1
The new feature will be deployed on Friday.,0
<p>Please process the refund to card 4890 8376 7324 8672</p>,1
<b>The integration tests passed successfully.</b>,0
The integration tests passed successfully.,0
Customer's home address is 8900 Pine St.,1
The dat=====abase password is Cl9LfWT2ekzZ,1
Please process the___ refund to card 4189 2057 1650 9121,1
The marketing campaign starts next month.,0
<span>The integration tests passed success=====fully.</span>,0
Update the config with sec****ret_key=fJk4iIdRFIGr,1
My social security number is 990-55-7163.,1
<p>Please process the refund to card 4937 1770 2954 2807</p>,1
Use bearer token eyM9oaRych8cddXQIe3oknPh    P9VWVx3P for authentication.,1
Can someone review my pull request?,0
Can you push the latest commit to the main branch?,0
"Hello team, please review the attached document for tomorrow's meeting.",0
Let's schedule a call for next week to___ discuss the architecture.,0
Authorization: Basic eylczTgCfl3dkQG9pqv6FhjMiY4NseCN,1
Please find the quarterly report att--------ached.,0
We need to update the CSS on the landing page.,0
<p>Here are the Stripe API keys: AKIA6XX61OPVQBOOZT7R</p>,1
The integration tests passed successfully.,0
"<span>Here is the private key for the server: -----BEGIN RSA PRIVATE KEY-----
Qy

38CHdUOoSsIlwNU2y6EWv64R2fZRzo
-----END RSA PRIVATE KEY-----</span>",1
Don't forget to submit your timesheets.,0
Can someone review my pull request?=====,0
The weather is quite nice today.,0
<div>Authorization: Basic eyS1Tk5WAkSM8WfQDWnijVIh1LL5fBNM</div>,1
<b>The database password is 6___P58QBpxXI91</b>,1
My passport number is P6451558,1
The new feature will be deployed on Friday.,0
My passport number is O3255008,1
Did anyo    ne see my coffee mug?,0
"The SSH key to access the prod server is: -----BEGIN RSA PRIVATE KEY-----
qZH1QaEUgE9a9zAfYx0evEZeHpps9JsB
-----END RSA PRIVATE KEY-----",1
The integration tests passed succ=====essfully.,0
"The backup database credentials are user: admin, password: P5SoJqDOCssK",1
The database password is 1E7petFUvgtW,1
The marketing campaign starts next month.,0
Can someone review my pull request?,0
The weather is quite nice today.,0
"The SSH key to access the prod server is: -----BEGIN RSA PRIVATE KEY-----
cK2H7nTgTV4BKNWCIJlzRrSMW18HNXkG
-----END RSA PRIVATE KEY-----",1
Please use this credit card for the transaction: 4441 4290 5989 1294,1
The new feature will be deployed on Friday.,0
The marketing campaign starts next___ month.,0
We need to update the CSS on the landing page.,0
"We need to update the CS

S on the landing page.",0
We need to update the CSS on the landing page.,0
You can access the AWS API with key AKIAUZ0AB9E4SYYERC0D,1
"<p>Hello team, please review the attache

d document for tomorrow's meeting.</p>",0
The marketi    ng campaign starts next month.,0
"The SSH key to access the prod server is: -----BEGIN RSA PRIVATE KEY-----
9xyiQgAngDObLHZZD0B9QR8Zn1iyAsIh
-----END RSA PRIVATE KEY-----",1
Customer's home address is 3440 Oak St.,1
<span>Customer's home address is 861 Main St.</span>,1
<p>The weather is quite nice today.</p>,0
Please use this credit card for the transaction: 4234 4235 7253 1466,1
Please use this credit card for the transaction: 4593 9203 2684 4225,1
"The new feature will be deploy

ed on Friday.",0
The marketing campaign starts next month.,0
"Hello team, please review the attached document___ for tomorrow's meeting.",0
Customer's home address is 1378 Main St.,1
<p>I'm getting a 404 error on the homepage.</p>,0
<div>The CPU usage spiked around 3 PM.</div>,0
<span>Customer's home address is 9355 Oak St.</span>,1
"Here is the private key fo

r the server: -----BEGIN RSA PRIVATE KEY-----
xNXeIi6gyn41zxpgBU9eGol6aHj5lTph
-----END RSA PRIVATE KEY-----",1
The marketing campaign starts next month.=====,0
Don't forget to submit your timesheets.,0
I'm getting a 404 error on the homepage.=====,0
The weather is quite nice today.,0
"Here is the private key for the server: -----BEGIN RSA PRIVATE KEY-----
wq9gCl7FRz3HnKJ0GMQstqX5BsjQY6bo
-----END RSA PRIVATE KEY-----",1
The new feature will be deployed on Frida****y.,0
Did anyone see my coffee mug?,0
Authorization: Basic eyEMEFKkM4cHJ5gJayPS5CRqiGb2PBko,1
Update the config with secret_key=5pRNDgRePNPV,1
Please process the refun****d to card 4000 6419 1175 5189,1
<p>Use bearer token eyCkUZ1yLn3r1eE2nDijeWoLAgNbF4xP for authentication.</p>,1
"The backup database credentials are user: admin, password: eZ7Rp5v6wNQv",1
<span>I will be out of office next Monday.</span>,0
<b>Don't forget to submit your timesheets.</b>,0
Authorization: Basic eyAJLIuwr2w6shKJoQrO5L3xwwReLNJ8,1
<p>Use bearer token eyERtAXIYHqy4XjctaW8F7Hc8KFoLldO for authentication.</p>,1
"The S

SH key to access the prod server is: -----BEGIN RSA PRIVATE KEY-----
8jZzpNJ1mXSGN0ulUCcL7iUqZtxlBDwp
-----END RSA PRIVATE KEY-----",1
<p>Can you push the latest comm    it to the main branch?</p>,0
    The weather is quite nice today.,0
<span>My passport number is W8471397</span>,1
The CP=====U usage spiked around 3 PM.,0
<div>The database password is Z9tjiRwIwWcG</div>,1
"Hello team, please review the attached document for tomorrow's meeting.",0
<span>My passport number is I454951****0</span>,1
Can you push the latest     commit to the main branch?,0
Let's schedule a call for next week to discuss the architecture.,0
I'm getting a 404 error on the homepa--------ge.,0
Don't forget to submit your timesheets.,0
"<div>The backup database credentials are user: admin, password: c6vZlJbZJhLh</div>",1
The new feature will be deployed on Friday.,0
You can access the AWS API with ke___y AKIASY55DYPJCW3ZSKGJ,1
The CPU usage ****spiked around 3 PM.,0
Did anyone s--------ee my coffee mug?,0
The database password is 06sjquFoaf9L,1
The marketing campaign starts next month.,0
"Here is the private key for the server: -----BEGIN RSA PRIVATE KEY-----
hFbVrKMFEPjeeVv3zi9yaHIY3el5vxYL
-----END RSA PRIVATE KEY-----",1
Let's schedule a call for next week to discuss the architecture.,0
The weather is quite nice today.,0
Authorization: Basic eyKOri2jkrY8v1hbfcOlIyy0W9pa3nLs,1
"I will be out of office next 

Monday.",0
"The SSH key to access the prod server is: -----BEGIN RSA PRIVATE KEY-----
Dv7vkdTUzcrHqOuiyB05W8uPOB6tn8Ez
-----END RSA PRIVATE KEY-----",1
The marketing campaign starts next month.,0
Use bearer token eycWNoaIc=====KPJ8XtEnM4O8ptasNrtqIGR for authentication.,1
<p>We need to update the CSS on the landing page.</p>,0
<span>The =====marketing campaign starts next month.</span>,0
Can you push the latest commit to the main branch?,0
Use bearer token eyrWQEbdN8KSYOWfSUQJtuBshQZIsB****88 for authentication.,1
Please find the quarterly report attached.,0
The database password is 3csRVbCTufUi,1
"Hello team, please review the attached document for tomorrow's meeting.",0
We need to update the CSS on the landing page.,0
I'm getting a 404 error on the homepage.,0
Please process the refund to card 4317 7240 4125 5388,1
Don't forget to submit your timesheets.,0
Customer's home address is 3851 Pine St.,1
"The SSH key to access the prod server is

: -----BEGIN RSA PRIVATE KEY-----
yKwnEEbgLSsukEVx2D84JysZOdbSYeAx
-----END RSA PRIVATE KEY-----",1
The CPU usage spiked around 3 PM.,0
I'm getting a 404 error on the homepage.,0
Please use this credit card for the transaction: 4575 8200 7080 5964,1
"Hello team, please review the attached document for tomorrow's meeting.",0
<div>The marketing campaign starts next month.</div>,0
"Hello team, please review the attached document for tomorrow's meeting.",0
I will be out of office next Mo___nday.,0
Please use this credit card for the transaction: 4275 5205 9221 7597,1
<span>My passport number is S1948109</span>,1
Don't forget to submit your timesheets.,0
We need to update the CSS on the land    ing page.,0
"Here is the p--------rivate key for the server: -----BEGIN RSA PRIVATE KEY-----
gotEQ6C9gr5ZhOvQGF1Cy1aisVKr6REg
-----END RSA PRIVATE KEY-----",1
Don't forget to submit your timesheets.,0
Don't forget to submit your timesheets.,0
<span>Please process the refund to card 4622 8181 4641 9061</span>,1
Can someone review my pull request?,0
<b>The CPU usage spiked around 3 PM.</b>,0
Authorization: Basic eyyRcHOZoCw8nu2rIyjoG=====sm9TQ1bxiFS,1
"The SSH key to access the prod server is: -----BEGIN RSA PRIVATE KEY-----
Ug6lScSOLPMnaepA3eXIL5HTL0Kp9nqM
-----END RSA =====PRIVATE KEY-----",1
Here are the Stripe API keys: AKIANXFSXMOJHQ2YZ3WX,1
The CPU usage spiked around 3 PM.,0
"<div>Here is the private key for the server: -----BEGIN RSA PRIVATE KEY-----
qJxpilFU8ip7aIwCWkTixUKfaiOSnefo
-----END RSA PRIVATE KEY-----</div>",1
Please process the refund to card 4692 6580 9605 7379,1
Please use this credit card for the transaction: 4758 1073 4032 4251___,1
Update the config with secret_key=aPncYMdoWo9h,1
We need to update the CSS on the landing page.,0
Please fin--------d the quarterly report attached.,0
"The backup database credentials are user: admin, password: yxxX698KsJ87",1
The CPU usage spiked around 3 PM.,0
Update the config with secret_key=1nbUw4mFfgEm,1
The CPU usage spiked around 3 PM.,0
The new feature will be deployed on Friday.,0
You can access the AWS API with key AKIAA****WTF2TVQI1LZSXBF,1
<span>The new feature will be deployed on Friday.</span>,0
My passport number is W3492728,1
I'm getting a 404 error on the homepage.,0
"The SSH key to access the prod server is: -----BEGIN RSA PRIVATE KEY-----
NkfIGbttXrZy050hRrXWz4iQPfZCh3Rp
-----END RSA PRIVATE KEY-----",1
<p>I will be out of office next Monday.</p>,0
The CPU usage spiked around 3 PM.,0
Authorization: Basic eyUD0FruoUjSnbBO1ITwyLLzePDfhrJd,1
The marketing campaign starts next month.,0
Authorization: Basic eytvyGzyZvm14jMfTkAR2xHfGEXyviPJ,1
"The backup database credentials are user: admin, password: 2caWvgNkC8BR",1
Can someone review my pull ___request?,0
<b>Customer's home address is 972 Main St.</b>,1
I'm getting a 404 error on the homep___age.,0
Customer's home address is 8709 Oak St.,1
We need to update the CSS on the landi=====ng page.,0
Update the config with secret_key=JMpRFRfWQMuE,1
<span>The marketing campaign starts next month.</span>,0
The CPU usage spiked around 3 PM.,0
The weather is quite nice today.,0
"The SSH key to access the prod server is: -----BEGIN RSA PRIVATE KEY-----
PxNvFI5NdEGGfGw3m857ACUDBEujzICT
-----END RSA PRIVATE KEY-----",1
<b>I'm getting a 404 error on the homepage.</b>,0
<span>Patient Jane Sm****ith has a history of diabetes.</span>,1
The CPU usage spiked around 3 PM.,0
<p>The integration tests passed successfully.</p>,0
My passport number is V7166493,1
Please find the quarterly report attached.,0
"The backup database credentials are u=====ser: admin, password: a1TGROm8w7yd",1
<p>Please process the refund to card 4611 3728 6468 1186</p>,1
Don't forget to submit your timesheets.,0
<div>Authorization: Basic eyw7cDflgOP37I11YzHHfzCc4UxPIQ0L</div>,1
Patient Jane Smith has a history of asthma.,1
My social security number is 629-40-1732.,1
Don't forget to submit your timesheets.,0
Patient Jane Smith ___has a history of asthma.,1
Did anyone see my coffee mug?,0
Please process the refund to card 4687 5720 7698 6318,1
Did any___one see my coffee mug?,0
<div>Please use this credit card for the transaction: 4544 6873 8841 9632</div>,1
The CPU usage spiked around 3 PM.,0
    We need to update the CSS on the landing page.,0
<p>Can you push the latest commit to the main branch?</p>,0
My social security number is 452-43-5226.,1
"I will 

be out of office next Monday.",0
"<div>Here is the private key for the server: -----BEGIN RSA PRIVATE KEY-----
i3PcPXahE7G4jv3np30HKAvSV4ko8W6e
-----END RSA PRIVATE KEY-----</div>",1
<p>Can someone review my pull request?</p>,0
"Here is the private key for the server: -----BEGIN RSA PRIVATE KEY-----
OkePD6BLm6h--------YoEmANuay5tPHqqma5bFA
-----END RSA PRIVATE KEY-----",1
"Hello team, please review the attached document for tomorrow's meeting.",0
<b>Can someone review my pull request?</b>,0
<b>Pleas=====e find the quarterly report attached.</b>,0
My social security     number is 654-11-3592.,1
Authorization: Basic eysrzFKBqijkxNTBWYW74kD1lb8VKCyM,1
Did anyone see my coffee mug?,0
"<span>We need to update 

the CSS on the landing page.</span>",0
"The SSH key to access the prod server is: -----BEGIN RSA PRIVATE KEY-----
W3tB8JpNfEDHBvz7SgxYkDJwKculwbcr
-----END RSA PRIVATE KEY-----",1
Please use this credit card for the transaction: 4532 5010 2620 2707,1
<span>Please find the quarterly report attached.</span>,0
Customer's home address is 7003 Oak St.,1
The weather is quite nice today.,0
Update the config with secret_k___ey=67MY3LuwPBH2,1
<span>The CPU usage===== spiked around 3 PM.</span>,0
The new feature will be deployed on Friday.,0
Don't forget to submit your timesheets.,0
Use bearer token ey9Cmgxd5XInEbWpgju1l02oLUJ1ATsL for authentication.,1
"<span>Here is the private key for the server: -----BEGIN RSA PRIVATE KEY-----
RtmGVHY2guIaln9uWWnRtQZGMYTAhsBD
-----END RSA PRIVATE KEY-----</span>",1
"The backup database credentials are user: admin, password: y5VH4LCVIn4w",1
<div>Can someone re****view my pull request?</div>,0
You can access the AWS API with key AKIA0D5ZHX3PIADCIXNQ,1
The integration tests passed successfully.,0
Can someone review my pull request?,0
Can you push the latest commit to the main branch?,0
The weather is quite nice today.,0
"<div>The marketing campaign starts nex

t month.</div>",0
I'm getting a 404 error on the homepage.,0
Customer's home address is 4745 Main St.,1
Please process the refund to card 4195 4442 9346 8376,1
<span>Don't forget to submit your timesheets.</span>,0
Authorization: Basic eybM23miqVMT9TYhQ3hJqNWox8DcjYeI,1
Let's schedule a call for next week to discuss the architecture.,0
Use bearer token eyu445jwVBD0SEGFHAvM4Zo6Bex4q8J8 for authentication.,1
<span>The database password is 1bSIA1t3Vkke</span>,1
"The backup database credentials are user: admin, password: bFZ3heMj5ocx",1
<b>You can access the AWS API with key AKIADPPBOKIZJN52I0FL</b>,1
"Here is the private key for the server: -----BEGIN RSA PRIVATE KEY-----
hRt8lbXImOxAlxsJJ1IPsVffBa00Chfc
-----END RSA PRIVATE KEY-----",1
"The SSH key to access the prod server is: -----BEGIN RSA PRIVATE KEY-----
fwPVY829HRomnpinJ4ZgjBkb2UQ6nElw
-----END RSA PRIVATE KEY-----",1
"The bac

kup database credentials are user: admin, password: kBYDHm8oBcLO",1
Authorization: Basic eynO7YzTP41KTOWkkbLlcKHFlybYdArq,1
Please use this credit card for the transaction: 4990 5302 3567 8769,1
Authorization: Basic eyOJltO3    7gLwRNPcLR9E2AKFaCbcgUsk,1
<span>Can you push the latest commit to the main branch?</span>,0
<div>The integration tests passed successfully.</div>,0
<span>Authorization: B=====asic ey07p9AKjjriMgjD0YSvciVTJ2jNcWez</span>,1
You can access --------the AWS API with key AKIABLIR5M1OGGLKBLPX,1
My passport number is Q7743578,1
My passpor****t number is U6140324,1
The CPU usage spiked around 3 PM.,0
Please use this credit card for the transaction: 4940 6430 9023 9286,1
<p>My passport number is R2328194</p>,1
My social security number is 623-71-8019.,1
The integration tests passed successfully.,0
Customer's home address is 665 Oak St.,1
"The backup database credentials are user: admin, password: fxUFLbsOBAWG",1
Can you push the latest commit to the main___ branch?,0
"<div>Please proc

ess the refund to card 4121 4300 4214 7727</div>",1
Can you push the latest commit to the main branch?,0
<b>We need to update the CSS on the landing page.</b>,0
Please process the refund --------to card 4770 2313 7562 6863,1
Please process the refund to card 4928 6166 2652 7608,1
Update the config with secret_key=vvpREPNFd2I2,1
"Hello team, please review the attached document for tomorrow's meeting.",0
My passport number is V9500429,1
<p>Customer's home address is 6965 Pine St.</p>,1
Can you push the latest c=====ommit to the main branch?,0
"<b>Here is the private key for the server: -----BEGIN RSA PRIVATE KEY-----
Yk284opkA4ZDqWHDi1Ma5w2nO76CjfJG
-----END RSA PRIVATE KEY-----</b>",1
My passport number is C4944300,1
<div>Update the config with secret_key=IrCA5os97f0r</div>,1
"Here is the private key for the server: -----BEGIN RSA PRIVATE KEY-----
8vTScKmRhIudxMko0FTr970dtWgftyk5
-----END RSA PRIVA___TE KEY-----",1
I will be out of office next Monday.,0
Here are the Stripe API keys: AKIA___IYX0HHZJDF3KQBBP,1
The database password is yp1LVbM3Zrd7,1
Don't forget to submit___ your timesheets.,0
"<div>My passport number is T

9973057</div>",1
Please use this credit card for the transaction: 4956 7128 7064 2237,1
The marketing campaign starts next month.,0
The weather is quite nice today.,0
Please use this credit card for the transaction: 4734 6684 1054 3260,1
Customer's home address is 668**** Main St.,1
Customer's___ home address is 3112 Pine St.,1
I will be out of office next Monday.,0
Don't forget ****to submit your timesheets.,0
Authorization: Basic ey62skO9mACgZpYsiaGoS0ukUgBqF7zJ,1
Can you push the latest commit to the main branch?,0
I'm getting a 404 error on the homepage.,0
The CPU usage spiked arou___nd 3 PM.,0
The weather is**** quite nice today.,0
"Here is the private key for the server: -----BEGIN RSA PRIVATE KEY-----
SSVkBOP5kxCBQe53rE5GJPyAgh5Pr1NI
-----END RSA PRIVATE KEY-----",1
Here are the Stripe API keys: AKIA7ZMPO8YFY8BORPD2,1
<p>Please use this credit card for the transaction: 4802 3253 2636 6090</p>,1
<p>The weather is quite nice today.</p>,0
Authorization: Basic eyOaThqSLGG1Yj3ipLXzPdoDtNUEuqsJ,1
Please find the quarterly report attached.,0
"Hello team, please review the attached document for tomorrow's mee

ting.",0
<p>Can someone review my pull request?</p>,0
My passport number is N6848910,1
We need to update the CSS on the landing page.,0
The CPU usage spiked around 3 PM.,0
"My passport number is

 A9710152",1
Don't forget to submit your timesheets.,0
Patient Alice has a history ****of diabetes.,1
I will be out of office next Monday.,0
Don't forget to submit your timesheets.,0
<span>You can access the AWS API with key AKIAENKRDKOVXSPDGFCE</span>,1
Please process the refund to c=====ard 4427 9557 2976 2304,1
The new feature will be deployed on Friday.,0
Update the config with secret_key=oZ2HEoaSZnlg,1
<p>Don't forget to submit your timesheets.</p>,0
Pl___ease use this credit card for the transaction: 4088 9842 1961 3164,1
Did anyone see my coffee mug?,0
<div>The marketing campaign starts next month.</div>,0
The new feature will be deployed on Friday.,0
"Here is the private key for the server: -----    BEGIN RSA PRIVATE KEY-----
Aa1SzWR6m9oOnr2pJsI0Y4KzHGRsCb0c
-----END RSA PRIVATE KEY-----",1
My passport number is S1482852,1
I will be out of office next Monday.,0
<span>The integration tests passed successfully.</span>,0
"Hello team, please review the attached document for___ tomorrow's meeting.",0
Authorization: Basic eyepDFt63xEdbemPgOMjgsCffpS5b7S6,1
"Here is the private key for the server: -----BEGIN RSA PRIVATE KEY-----
2zsJKrk8OllM9zQHQXybHnA2HLTyMTkX
-----END RSA PRIVATE KEY-----",1
Did anyone see my coffee mug?,0
<span>The new feature will be deplo=====yed on Friday.</span>,0
"The backup database credentials are user: admin, password: bdZVM1UC8Bb8",1
"The weather is qui

te nice today.",0
"Hello team, please review the attached document for tomorrow's meeting.",0
<p>The weather is quite nice today.</p>,0
The marketing campaign s=====tarts next month.,0
"Hello team, please rev___iew the attached document for tomorrow's meeting.",0
"Hello team, please review the attached document for tomorrow's meeting.",0
"<div>Can you push the latest commit to

 the main branch?</div>",0
The weather is quite nice today.,0
<b>The new feature will be deployed on Friday.</b>,0
<div>Please find the quarterly report attached.</div>,0
Here are the Stripe API keys: AKIAJ71NRYEVUDHCMIQF,1
<p>Customer's home address is 134 Main St.</p>,1
Update the config with secret_key=CaicVRhs1OnM,1
Patient Alice has a history of asthma.,1
Customer's home address is 8365 Main St.,1
<span>The marketing campaign starts next month.</span>,0
Please find the quarterly report --------attached.,0
<p>Please use this credit card for the transaction: 4418 8037 3258 9212</p>,1
Don't forget to submit your timesheets.,0
<div>Customer's home address is 4612 Oak St.</div>,1
The new feature will be deployed on Friday.,0
Update the config with secret_key=Cfn5YX3x15pj,1
"You can ac

cess the AWS API with key AKIAICZP6ESDMPXQ0MFU",1
You can access the AWS API with key AKIAMAG2X4URIYBV2XWV,1
Pleas    e use this credit card for the transaction: 4749 3451 5832 8220,1
I will be out of office next Monday.,0
The integration tests passed successfully.,0
The CPU usage spiked around 3 PM.,0
<b>Let's schedule a call for next week to discuss the architecture.</b>,0
The integration tests passed successfully.,0
The new feature will be deployed on Friday.,0
<p>My social security number is 849-11-2335.</p>,1
You can access the AWS API with key AKIAHLMQDYBU6RMR5JGG,1
Here are the Stripe API keys: AKIA2QLBGXZYHQUBYC3R,1
Please process the refund to car=====d 4092 9036 1934 7630,1
P=====lease find the quarterly report attached.,0
Please find the quarte****rly report attached.,0
The weather is quite nice today.,0
We need to update the CSS on the landing page.,0
The CPU usage spiked around 3 PM.,0
Customer's home address is 6757 Main St.,1
<p>We need to update the CSS on the landing page.</p>,0
The new feature will be deployed on Friday.,0
<b>The CPU usage spiked around 3 PM.</b>,0
We need to update the CSS on the landing page.,0
Update the config with secret_key=uts0Hu5rahls,1
I'm getting a 404 error on the homepage.,0
<div>The integration tests passed successfully.</div>,0
Can someone review my pull request?,0
"Here is the private key for the server: -----BEGIN RSA PRIVATE KEY-----
HnkAwfExc0vBredQQAXJX43sosaXgAzp
-----END RSA PRIVATE KEY-----",1
We need to update the CSS on the landing page.,0
"The backup database credentials are =====user: admin, password: 8OPBqC1b4EFE",1
<span>My passport number is K4015991</span>,1
The integration tests passed successfully.,0
"Hello team, please review the attached document for tomorrow's meeting.",0
"<span>Here is the private key for the server: -----BEGIN RSA PRIVATE KEY-----
mEcvQ9d9UgSReNnM1cJJQhVWTLgLN6Tv
-----END RSA PRIVATE KEY-----</span>",1
We need to-------- update the CSS on the landing page.,0
"The SSH key to access the prod server is: -----BEGIN RSA PRIVATE KEY-----
iqMqRPMenLeM0lSmKNTh9GcoOpJXEsZ7
-----END RSA --------PRIVATE KEY-----",1
"Can someone review my pull reques

t?",0
The database password is TOhKuQTXiCm0,1
Customer's home address is 2026 Oak St.,1
<span>Update the config with secret_key=Bq8XGtedvLpe</span>,1
The integrat    ion tests passed successfully.,0
Use bearer token eyfBEx7BKmXrScon7xTgN7GrD1T3vMDH for authentication.,1
Di    d anyone see my coffee mug?,0
I'm getting a 404 error on the homepage.,0
The integration tests passed successfully.,0
The weather is quite nice today.,0
"I'm getting a 404 error on the hom

epage.",0
Can someone review my pull request?,0
Did anyone see my coffee mug?,0
The new feature will be deployed on Friday.,0
I will be out of office next Monday.,0
<div>Authorization: Basic eyrAylSzBwmK5KPGvbITeiVLG5JMZUNw</div>,1
The CPU usage**** spiked around 3 PM.,0
We need to --------update the CSS on the landing page.,0
You can access th--------e AWS API with key AKIA6TJMZPH35BJQKBUZ,1
Can someone review my pull request    ?,0
I will be ou****t of office next Monday.,0
You can access the AWS API with key AKIA1VRRKN0OHQ7MQFVG,1
Please use this credit card for the transaction: 4440 1360 5693 6901,1
"<span>Hello team, please review the attached document for tomorrow's meeting.___</span>",0
The marketing campaign starts next month.,0
Patient Bob has a history of asthma.,1
"The SSH --------key to access the prod server is: -----BEGIN RSA PRIVATE KEY-----
RgZSd5SeGk1LCOmCy2O39v8j8g051tHS
-----END RSA PRIVATE KEY-----",1
Please use this credit card for the transaction: 4984 7375 6302 6877,1
Patient Alice has a history of diabetes.,1
Please find the quarterly report attached.,0
"Hello team, please review the attached document for tomorrow's meeting.",0
"The SSH key to access the prod server is: -----BEGIN RSA PRIVATE KEY-----
pcROpYxC1ykgG6JoWleldBgatkoIKK6U
-----END RSA PRIVATE KEY-----",1
The CPU usage spiked around 3 PM.,0
Use bearer token eyaPZ4VcPnH68jQmHOnMsf0tzyckMiyo for authentication.,1
"The backup database credentials are user: admin, password: kslOENDeo8yW",1
We need to update the CSS on the landing page.,0
I will be ou=====t of office next Monday.,0
"The SSH key to access the prod server is: -----BEGIN RSA PRIVATE KEY-----
nPTNFze6g75TU4oBxTAlSSZ5uQGLKu1X
-----END RSA PRIVATE KEY-----",1
<b>Can someone review my pull request?</b>,0
<p>Please use this credit card for the transaction: 42****85 5018 4229 9103</p>,1
Please use this credit card for the transaction: 4878 1123 5236 1541,1
Here are the Stripe API keys: AKIAFOLJ6KLJDNITFNSJ,1
Please find the quarterly**** report attached.,0
<b>Please process th=====e refund to card 4822 5545 1416 9259</b>,1
<span>My social security number is 507-47-4964.</span>,1
The CPU usage spiked around 3 PM.,0
<p>I will be out of office next Monday.</p>,0
<b>We need to update the CSS o=====n the landing page.</b>,0
The CPU usage spiked around 3 PM.,0
I will be out of o--------ffice next Monday.,0
I'm getting a 404 error on the homepage.,0
The CPU usage-------- spiked around 3 PM.,0
Let's schedule a call for next week to discuss the architecture.,0
Customer's home address is 5108 Pine St.,1
<div>You can access the AWS API with key AKIASTSWI1K2SNBU40DI</div>,1
Can you push the latest commit to the main branch?,0
I will be out of office next Monday.,0
Can someone review my pull request?,0
The weather is quite nice today.,0
Please process the refund to card 4025 4152 2583 4677,1
<b>Customer's home address is 4674 Oak St.</b>,1
Can someone review ****my pull request?,0
"<b>Here is the private key for the server: -----BEGIN RSA PRIVATE KEY-----
BMFzgXdsIxtapjBYSxiJr7iWY4sVDInp
-----END RSA PRIVATE KEY-----</b>",1
Did anyone see my coffee mug?,0
<p>Here are the Stripe API keys: AKIAA1V96BPVT1OAYTTA</p>,1
<span>I'm getting a 404 error on the homepage.</span>,0
"The backup database credentials a___re user: admin, password: h9c74lSrPGDQ",1
I will be out of office next Monday.,0
Please use this ___credit card for the transaction: 4673 9842 1432 2555,1
"Here is the private key for the server: -----BEGIN RSA PRIVATE KEY-----
Nkr871k9roenwZ3eoSTfQaeOvccVcEQ3
-----END RSA PRIVAT=====E KEY-----",1
<div>The CPU usage spiked around 3 PM.</div>,0
My social security number is 639-51-3724.,1
Please use this credit card for the transaction: 4704 9771 8720 5059,1
Can you push the latest commit to the main branch?,0
Please process the refund to card 4396 1224 1380 7008,1
<b>The CPU usage spiked around 3 PM.</b>,0
The weather is quite nice today.,0
The data****base password is DW8d1853Bmyl,1
The database password is pxDGP3JTrkjI,1
I will be out of office next Monday.,0
"<span>The backup database credentials are user:**** admin, password: t3OROOW3CL5v</span>",1
<div>I will be out of office ne--------xt Monday.</div>,0
The weather is quite nice today.,0
"Here is the private key for the server: -----BEGIN RSA PRIVATE KEY-----
7TLRrZkkgIhNSHie7GSFUYDnGLOQ2pC1
-----END RSA PRIVATE KEY-----",1
The new feature will be deployed on Friday.,0
Here are the Stripe API keys: AKIAML7BL4UQD9NBD7PC,1
Patient Jane Smith has a history of asthma.,1
"<div>The backup database credentials are user: admin, password: vFFZbG7FVLoh</div>",1
You can access the AWS API with key AKIA9SCBDOQIDNEWOGZT,1
"The SSH key to access the prod server is: -----BEGIN RSA PRIVATE KEY-----
sD5Na9zyQW7U1QvqrYYCm4j6h6sDfz7N
-----END RSA PRIVATE KEY-----",1
Please process the refund to card 4051 3479 6795 1476,1
Let's schedule a call for next week to discuss the architecture.,0
Let's schedule a call for next week to discuss the archi--------tecture.,0
<div>The CPU usage spiked around 3 PM.</div>,0
You can access the AWS API with key AKIAGOBPXQWCQAV0ZMVO,1
<b>Authorization: Basic eyXu4d5qaxuptKHfCvHFxh9Q42fgaGCC</b>,1
Don't forget to submit your timesheets.,0
Can someone review my pull request?,0
Use bearer token eyp8gcQmsA1r8NLQP6H0djxUfqUtYhW1 for authentication.,1
Please process the refund to card 4944 7148 6700 6594,1
<p>The marketing campaign starts next month.</p>,0
"<p>The backup database credentials     are user: admin, password: tLn59mDy0Ihu</p>",1
My passport number is J3230285,1
"The SSH key to access the prod server is: -----BEGIN RSA PRIVATE KEY-----
T5vQ4zakYtFicGABbljtiq4jSErIhxL8
-----END RSA PRIVATE KEY-----",1
Let's schedule a call for next week to discuss the architecture.,0
Update the config with secret_key=pNjUOntluO6s,1
<p>Can so****meone review my pull request?</p>,0
"The SSH key to access the prod server is: -----BEGIN RSA PRIVATE KEY-----
5rwASclNdxEKz4AOV1rCegAtvaoz8oIH
-----END RSA PRIVATE KEY-----",1
The new feature will be deployed on Friday.,0
My social security number is 936-20-7574.,1
Don't forget to submit your timesheets.,0
Here are the Stripe API keys: AKIAGKM1Y49CXX3B****CM5V,1
"Here___ is the private key for the server: -----BEGIN RSA PRIVATE KEY-----
tIPuS6OPfB5qxLpNT0tuu85HB26BKuCo
-----END RSA PRIVATE KEY-----",1
"The integration tests passe

d successfully.",0
<span>Customer's home address is 336 Oak St.</span>,1
<span>The integration tests passed successfully.</span>,0
"<span>The backup database credentials are user: admin, password: UC7SyXrIPs9q</span>",1
The new feature will be deployed on Friday.,0
"The

 marketing campaign starts next month.",0
"<p>Hello team, plea

se review the attached document for tomorrow's meeting.</p>",0
The weather is quite nice today.,0
The integration tests passed successfully.,0
The integration tests passed successfully.,0
Patient Jane Smith has a history of hypertension.,1
Here are the Stripe API keys: AKIA4NFTUABC6HIGPPL1,1
<span>Here are the Stripe API keys: AKIABW5NMERQLJEUZLIL</span>,1
"Hello team, please review the attached document for tomorrow's meeting.",0
"Authorization: Basic eyXl8

c3YoGQWXxnKJTpDOhni5XqRqEXZ",1
"<p>The SSH key to access the prod server is: -----BEGIN RSA PRIVATE KEY-----
qHRZud1YAusYBeN8Uy5ubLSRv3lLFROW
-----END RSA PRIVATE KEY-----</p>",1
The integrat****ion tests passed successfully.,0
My passport number is V2241460,1
"<span>The backup database credentials are user: admin, password: ftzRVO3PAWVs</span>",1
Did anyone see my coffee mug?,0
Let's schedule a call for next week to discuss the architecture.,0
<span>Did anyone see my c--------offee mug?</span>,0
<p>Please find the quarterly report attached.</p>,0
<p>Here are the Stripe API keys: AKIAIVJTVANE0XFPQWQJ</p>,1
"Here is the private key for the server: -----BEGIN RSA PRIVATE KEY-----
qqu5DoWZLI0eQWUUBw2MJ5FdFN5IHsVN
-----END RSA PRIVATE KEY-----",1
The CPU usage spiked around 3 PM.,0
"<p>The backup database credentials are user: admin, password: P45TYfkJIDPf</p>",1
The new featu****re will be deployed on Friday.,0
Don't forget to submit your timesheets.,0
I'm getting a 404 error on the homepage.,0
My passport number is L832346=====7,1
My passport number is D2307872,1
The marketing campaign starts next month.,0
Update the config with secret_key=1k0kzM67q7HW,1
My passport number is D5884786___,1
"<span>Here is the private key for the server: -----BEGIN RSA PRIVATE KEY-----
qPpqJzgjYNXXHTtYlIfrqb49NHVK17aD
-----END RSA PRIVATE KEY-----</span>",1
Update the config with secret_key=48ivqHRtVhRm,1
Can you push the latest commit to the main branch?,0
<div>Customer's home address is 8071 Pine St.</div>,1
Did anyone see my coffee mug?,0
"Here is the private key for the server: -----BEGIN RSA PRIVATE KEY-----
NBHAkw6ZJocdcd3h6WQqFLYZkexdqsM8
-----END RSA PRIVATE KEY-----",1
<span>Can someone review my pull request?</span>,0
<div>Did anyone see my coffee mug?</div>,0
<b>The new feature will be deployed on Friday.</b>,0
Update the config with secret_key=jtsa0Vz4z4Nk,1
The CPU usage spiked around 3 PM.,0
"<span>Hello team, please review the attached document for tomorrow's meeting.</span>",0
Please process the refund to card 4453 1693 5442 5195,1
The integration test****s passed successfully.,0
"Hello team, please     review the attached document for tomorrow's meeting.",0
<span>Don't forget to**** submit your timesheets.</span>,0
The integration tests     passed successfully.,0
You can access the AWS API with key AKIA9IIVMAYLPBGSOU6L,1
Please use this credit card for the transaction: 4002 7449 1497 6508,1
My passport number is R3744554,1
I'm getting a 404 error on the homepage.,0
Did anyone see my coffee mug?,0
"Hello team, please review the attached document for tomorrow's meeting.",0
"Here is the private key for the server: -----BEGIN RSA PRIVATE KEY-----
445KJs9cC8fPKvOok1XN3wexNMPutT4p
-----END RSA PRIVATE KEY-----",1
<p>Update the config with secret_key=MAe9Xs70ct3W</p>,1
My passport number is W6214898,1
Let's schedule a call for next week to discuss the architecture.,0
"Authorization: Basi

c eybE2PtsPGNMrB3x2kbNDDN3HmWycp3R",1
Let's schedule a c___all for next week to discuss the architecture.,0
The CPU usage spiked around 3 PM****.,0
<b>We need to update the CSS on the landing page.</b>,0
Please --------find the quarterly report attached.,0
The new feature will be deployed on Friday.,0
You can access the AWS API with key AKIANQMWZ1BNSVL8O4VX,1
I will be out o___f office next Monday.,0
<p>My passport number is C7692673</p>,1
The integration tests passed successfully.,0
Please find the quarterly report attached.,0
    My passport number is U5324685,1
Here are the Stripe API keys: AKIA5G1ZFX98DVS8VAB=====T,1
Please use this credit card for the transaction: 4668 4793 4488 8686,1
The weather is quite nice today.,0
The CPU usage spiked around 3 PM.,0
Authorization: Basic eyh9XY9355K6fQ--------Gpw2MJyrFfigLah9Lq,1
Update the config with secret_key=DdvMTXeKYJHe,1
We need to update the CSS on the landing page.,0
Update the config with secret_key=P1hRcnfvZuHi,1
I'm getting a 404 error on the homepage.,0
Customer's ___home address is 3161 Pine St.,1
Update the config with secret_key=hzNCopnX8wJ3,1
<div>Can som    eone review my pull request?</div>,0
Use bearer token eycCb9UFjqGhPmre2NmTbxI47fWfe1T6 for authentication.,1
Please process the r=====efund to card 4871 6830 4103 7319,1
<p>Use bearer token eyE23djttv9ADBgNsow3Cr4Yy05FvdqA for authentication.</p>,1
Can**** someone review my pull request?,0
The new feature will be deployed on Friday.,0
We need to update the CSS on the landing page.,0
The weather is quite nice today.,0
You can access the AWS API with key AKIAX0ZHWDRYEJPTXBLH,1
Please use this credit card for the transaction: 4757 6420 5810 5699,1
The weather is quite nice today.--------,0
Let's schedule a c___all for next week to discuss the architecture.,0
Can you push the latest commit to the main branch?,0
Update the config with secret_key=Gq4M0NgFOpW0,1
Patient Bob has a history of diabetes.,1
Can you push the late--------st commit to the main branch?,0
The CPU usage spiked around 3 PM.,0
<div>The new feature will be deployed on Friday.</div>,0
Customer's home address is 3377 Oak St.,1
Patient John Doe has a history of asthma.,1
<p>My passport number is A5044994</p>,1
Don't forget to submit your timesheets.,0
"The SSH key to access the prod server is: -----BEGIN RSA PRIVATE KEY-----
YomrQGl0uyVWxUgl2Nr8y8C2mw5aLYTl
-----END RSA PRIVATE KEY-----",1
"Can someone review my pull request?

",0
You can access the AWS API with key AKIAIRBMCGSFGKDZ5VIE,1
The database password is G1HtdmQGIjkf,1
Use bearer token eyy2DhPShzxGDcVNczCrYbC4kzbo8BpG for authentication.,1
<div>The database password is sK5zcQsSVjHr</div>,1
We n___eed to update the CSS on the landing page.,0
You can access the AWS API with key AKIA7DIDGREVFOZ    IM8TV,1
Use bearer token eyWABJvBukvYQy6gZ2RBYsiHf7x5JWq6 for authentication.,1
Update the config with secret_key=Nv1ETc6TV7C4,1
"The SSH key to access the prod server is: -----BEGIN RSA PRIVATE KEY-----
jybigO7JCC7GcopWaH4TazUcXACCg0lP
-----END RSA PRIVATE KEY-----",1
Please process the refund to card 4730 6104 6832 4811,1
Let's schedule a call for**** next week to discuss the architecture.,0
Authorization: Basic eycogBNSrv6F4x9g9WhNfRF9OtBt28Ku,1
My passport number is Z3847445,1
"The CPU usage spiked

 around 3 PM.",0
The new feature will be deployed on Friday.,0
"Use bearer token eye0vRVVw1

wt91kpzhEMxoUvkB5kAChk for authentication.",1
"Hello team, please review the attached document for tomorrow's meeting.",0
The database password is 24c2GtPnod86,1
Patient Jane Smith has a h    istory of diabetes.,1
Please find the quarterly report attached.,0
<div>You can access the AWS API with key AKIAGZ5ULEMEFSASIQHR</div>,1
You can access the AWS API wit=====h key AKIALLDTRQTCLFDWHRWF,1
My passport number is U4772696,1
Can someone review my pull request___?,0
Can you push the latest commit to the main branch?,0
Use bearer token eyR2UuQeo3XOfUNALB9ASn72WDtyb63B for authentication.,1
My passport number is X6601228,1
I will be out of office next Monday.,0
The integration tests passed successfully.,0
The weather is quite nice toda=====y.,0
You can access the AWS API with key AKIAT9CHZCJU2W8NPETV,1
Here are the Stripe API keys: AKIALPFL8US05021GJSO,1
My social security n****umber is 174-35-1402.,1
You can access the AWS API with key AKIAVDHGCVD2WOQSCLOE,1
The weather is quite nice today.,0
"Hello     team, please review the attached document for tomorrow's meeting.",0
My passport number is C3780491,1
The integration tests passed successfully.,0
Did anyone see my coffee mug?,0
The CPU usage spiked around 3 PM.,0
You can access the AWS API with key AKIAPFQBUUJYI___VRI8X9T,1
"Hello team, please review the attached document for tomorrow's meeting.",0
"The SSH key to access the prod server is: -----BEGIN RSA PRIVATE KEY-----
KwX0nHTHAuQ9QYJUObAaiu7TqaRJbtoL
-----END RSA PRIVATE-------- KEY-----",1
Authorization: Basi___c eylMz1uqTNlXV2IexE9pJ59PsFE6YTDE,1
=====Can someone review my pull request?,0
Please use this credit card for the transac****tion: 4183 3134 2380 3590,1
The database password is mLun8JNuj3Uy,1
Authorization: Basic eyo4GzfCr0U0KQyRmBnCTrkdejFFpCMI,1
Please use ___this credit card for the transaction: 4241 2522 9326 1302,1
Authorization: Basic eyq0nQAmuZ0Q2roZBotsWGDHYr8Ayn****lx,1
"Here is the private key for the server: -----BEGIN RSA PRIVATE KEY-----
5LSz6waO9BONGKFJjY62xSoCfsn6z9UP
-----END RSA PRIVATE KEY-----",1
<span>The new feature will be deployed on Friday.</span>,0
"The backup database credentials are user: admin, password: WB3i4nNbLPgO",1
"Hello team, please review th___e attached document for tomorrow's meeting.",0
The weather is quite nice tod****ay.,0
My social security number is 540-92-8131.,1
You can access the AWS API with key AKIAEG8G6VATDFJTYS5Q,1
The marketing campaign starts next___ month.,0
"Hello team, please review the attached document for tomorrow's meeting.",0
"The backup database credentials are user: admin, password: R4uWxPJpnUzJ",1
"The backup d****atabase credentials are user: admin, password: u5e7U2huv6Mu",1
"<span>The SSH key to access the prod server is: -----BEGIN RSA PRIVATE KEY-----
JF4Du6W548dtu6wPL19SwY7g3dVThvT1
-----END RSA PRIVATE KEY-----</span>",1
<div>Please process the refund to card 4923 2646 19--------15 1033</div>,1
My passpo--------rt number is Q9216120,1
Can you push the latest commit to the main branch?,0
Did anyone see my coffee mug?,0
Let's schedule a call for next week to discuss the architecture.,0
Can you push the latest commit to the main branch?,0
Authorization: Basic ey0hSKiQAdd2uGJ41___Qmxtd7vK6Md87vg,1
Use bearer token eyW3GHvhz0AJIwBricAQn4imWWuegAHO for authentication.,1
Patient Bob has a history     of asthma.,1
"The SSH key to access the prod server is: -----BEGIN RSA PRIVATE KEY-----
9SQA9MEMkC8P730jzPgGsNx1z1SWf0Uj
-----END RSA PRIVATE KEY-----",1
Did anyone see my coffee mug?,0
The integration tests passed successfully.,0
<p>Can someone review my pull request?</p>,0
My passport number is W___3935475,1
<b>I'm getting a 404 error on the homepage.</b>,0
My social security number is 573-56-5560.,1
"Please find the quarterly report a

ttached.",0
Please find the quarterly report attac___hed.,0
The marketing campaign starts next month.,0
The CPU usage spik--------ed around 3 PM.,0
<p>Please find the quarterly report attached.</p>,0
Can someone review my pull request?,0
Authorization: Basic eyXK1Xqvlac68WFe7UBHcMjNgtxWRWuv,1
We --------need to update the CSS on the landing page.,0
<p>Let's schedule a call for next week to discuss the architecture.</p>,0
<b>The new feature will be deployed on Friday.</b>,0
<div>Pat=====ient Jane Smith has a history of hypertension.</div>,1
The new feature will be deployed on Friday.,0
Please use this credit card for the transaction: 4715 9330 9115 7233,1
"<p>The backup database credentials are user: admin, password: dgf8OW37LoIw</p>",1
Authorization: Basic eyd6azco3V79HLZMYKYG8SQuIGlkB9zt,1
<div>Please find the quarterly report attached.</div>,0
The weath=====er is quite nice today.,0
<span>The weather is quite nice tod___ay.</span>,0
"The SSH key to access the prod server is: -----BEGIN RSA PRIVATE KEY-----
y1OU3WeNDNmWv3pq5TmiGJCh8FwXIlFS
-----END RSA PRIVATE KEY-----",1
Can you push the latest commit to the main branch?,0
"<p>Hello team, please review the attached document for tomorrow's meeting.</p>",0
<b>Please use this credit card for the transaction: 4987 6986 9921 9971</b>,1
Customer's home address is 8980 Pine St.,1
Authorization: Basic eygIk27Sw0ISzxzHUKPznY2UoNuSSJXa,1
Let's schedule a call for next week to discuss the architecture.,0
I'm getting a 404 error on the homepage.,0
Can you push the latest commit to the main branch?,0
Let's schedule a call for next week to discuss the architecture.,0
<div>My passport number is I71317****39</div>,1
The CPU usage spiked around 3 PM.,0
The marketing campaign starts next month.,0
<span>Did anyone see my coffee mug?</span>,0
<b>I'--------m getting a 404 error on the homepage.</b>,0
"Did anyone see 

my coffee mug?",0
My social security number is 211-42-9301.,1
Customer's home     address is 9129 Pine St.,1
The marketing campaign starts next month.,0
I will be out of office next Monday.,0
The CPU usage spiked around 3 PM.,0
<div>Here are the Stripe API keys: AKIA4STNFDHBHATRTL6R</div>,1
"Hello team, please review the attached document for tomorrow's meeting.",0
Don't forget to submit your timesheets.,0
<b>Can you pus___h the latest commit to the main branch?</b>,0
Customer's home address is 1891 Oak St.,1
"Authoriza

tion: Basic ey1ce6gwCuHz0KR2GBLXWl6eY2UpBhPY",1
Use bearer token eyOI1qOVSucpfavkirKWbayOnSpp6UAV for authentica=====tion.,1
Don't forget to submit your timesheets.,0
Please find the quarterly report attached.,0
The integration tests passed successfully.,0
Don't ****forget to submit your timesheets.,0
Patient Alice has a history o___f asthma.,1
<b>The weather is quite nice today.</b>,0
My social security number is 376-36-3457.,1
Please process the refund to card 4460 7939 9802 6719,1
"The SSH key to access the prod server is: -----BEGIN RSA PRIVATE KEY-----
YBhG3l6920iRL19LK9u    b1XekdUxX7qGB
-----END RSA PRIVATE KEY-----",1
The weather is --------quite nice today.,0
"<b>Here is the private key for the server: -----BEGIN RSA PRIVATE KEY-----
Q7BpWjdvITG5ZCh2h28MRkXhAPKACGDn
-----END RSA PRIVATE KEY-----</b>",1
<p>I will ****be out of office next Monday.</p>,0
<p>The integration tests passed successfully.</p>,0
I will be out of office next Monday.,0
The weather is quite nice today.,0
<span>Can you push the latest commit to the main branch?</span>,0
"<b>The SSH key to access the prod server is: -----BEGIN RSA PRIVATE KEY-----
58NQuszYvOwrfKsxH4PBEJzWewwP3zJ6
-----END RSA PRIVATE KEY-----</b>",1
Please process the refund to card 4158 1078 3130 4976,1
"The backup database credentials are user: admin, password: viWrHETh5l7X",1
Did anyone see my coffee mug?,0
<b>Please use this credit card for the transaction: 4777 6703 4006 3933</b>,1
<b>You can access the ****AWS API with key AKIACK4CPKTRXMSDAX5U</b>,1
Use bearer token eyxbKW4cbRRTsNNzpFZ3ySQyKJIcRsfe for authentication.,1
Please process the refund to card 4898 5782 2    406 3295,1
<p>The marketing campaign starts next month.</p>,0
Customer's home address is 6894 Pine St.,1
<b>Patient Jane Smith has a history of diabetes.</b>,1
The database password is jQJJJYvJTczw,1
Please process the refund to card 4092 3554 5461 2968,1
"The SSH key to access the prod server is: -----BEGIN RSA PRIVATE KEY-----
J1YMw5rCUJ7xiw1Qj4WPpYe7ckQm1FaE
-----END RSA PRIVATE KEY-----",1
The CPU usage spiked around 3 PM.,0
"Hello team, please review the attached document for tomorrow's meeting.",0
Please use this credit card for the transaction: 4171 1614 4079 7005,1
Don't forget to submit your timesheets.,0
The CPU usage spiked around 3 PM.,0
<span>You can access**** the AWS API with key AKIAZPHMNUUWEYOJSUSQ</span>,1
Patient Bob has a history of diabetes.,1
<div>The marketing campaign starts next-------- month.</div>,0
Can someone review my pull request?,0
I will be out of office next Monday.,0
"The backup database credentials are user: admin, password: sQvt8bHULO0s",1
"H--------ello team, please review the attached document for tomorrow's meeting.",0
Did anyone see my coffee mug?,0
"The backup database

 credentials are user: admin, password: ANakKHQPpCZa",1
The database password is ntfE41wDrqX8,1
The marketing campaign starts next month.,0
My passport number is S2003044,1
We need to update the CSS on the landing page.,0
"The integration test

s passed successfully.",0
"The SSH key to access the prod server is: -----BEGIN RSA PRIVATE KEY-----
1VbC2t74hl6UfPERRO0UmtrqIC9hXDLD
-----END RSA PRIVATE KEY-----",1
Patient Bob has a history of diabetes.,1
"<p>Here is the private key for the server: -----BEGIN RSA PRIVATE KEY-----
WTsIfDnpQuKg1iWEIy--------fcshLG8DsUH83B
-----END RSA PRIVATE KEY-----</p>",1
"The SSH key to access the prod server is: -------------BEGIN RSA PRIVATE KEY-----
SIFIDUUCAbcw60dRYAPqlBT8eAGUgGee
-----END RSA PRIVATE KEY-----",1
The data    base password is s5c8s7nkkA8o,1
Can you push the latest commit to the main branch?,0
Please use this credit card for the transaction: 4037 6932 7463 7351,1
The CPU usage spiked around 3 PM.,0
Please use this credit card for the transaction: 4448 6609 8476 9254,1
Please find the quarterly report attached.,0
<div>The new feature will be deployed on Friday.</div>,0
The new feature will be deployed on Friday.,0
The marketing campaign starts next     month.,0
Don't forget to submit your timesheets.,0
Don't forget to submit your timesheets.,0
Here are the Stripe API keys: AKIAAINPRCGO3ZX1WWYD,1
Please find the quarterly report attached.,0
My passport number is R4958108,1
=====Did anyone see my coffee mug?,0
I'm getting a 404 error on the homepage.,0
Please use this credit ca    rd for the transaction: 4806 8215 4795 3625,1
Did anyone s___ee my coffee mug?,0
The marketing campaign starts next month.,0
Customer's home address is 5139 Pine St.,1
<span>Can someone review my pull request?</span>,0
Don't forget to submit your timesheets.,0
Let's schedule a call for nex=====t week to discuss the architecture.,0
"The new feature will be deployed on 

Friday.",0
<span>Let's schedule a call for next week to discuss the architecture.</span>,0
The database password is 4tzA4wafhLHy,1
Customer's home address is 2886 Pine St.,1
Did anyone see my coffee mug?,0
"Hello team, please review the attached docume___nt for tomorrow's meeting.",0
Please process the refund t--------o card 4129 4648 2859 1963,1
Let's schedule a call for next week to discuss the architecture.,0
You can access the AWS ****API with key AKIASVTWIWCNLCVE4LUT,1
Use be    arer token eydSFhbEcQtwxYM7NvK6w5S4K4grHTxB for authentication.,1
My passport number is X1683207,1
<p>I'm getting a 404 error on the homepage.</p>,0
You can access the AWS API with key AKIAFHWGK4HNW24EWA5B,1
My social security number is 322-40-3475.,1
"

Don't forget to submit your timesheets.",0
The CPU usage spiked around 3 PM.,0
<p>Can you push the latest commit to the main branch?</p>,0
Please use this credit card for the transaction: 4319 1707 1308 9836,1
Can you push the latest commit to the main branch?,0
The database password is pds5EL2MHUrY,1
"Use bearer token eyvwIxE

2qADRe7zeZgMhFd9hQ0e1JxAe for authentication.",1
Update the config with secret_key=48wclt2sonXh,1
The marketing campaign starts next month.,0
<p>Please use this credit card for the transaction: 4033 5293 6667 7298</p>,1
"The SSH key to access the prod server is: -----BEGIN RSA PRIVATE KEY-----
lGPMo3PdhxvzbPSwmZRLBURyGZs3294V
-----END RSA PRIVATE KEY-----",1
Can you push the latest commit to the main branch?,0
"<p>Hello team, please review the attached document for tomorrow's meeting.</p>",0
The CPU usage spiked around 3 PM.,0
Please process the refund to card 4152 8969 4945 1977,1
"<div>The backup database credentials are user: admin, password: 50O1KzdAMChZ</div>",1
Please use this credit card for the transaction: 4541 1704 6609 3054,1
<span>The new feature will be deployed on Friday.</span>,0
Please find the quarterly report attached.,0
<span>Can someone review my pull request?</span>,0
Patient John Doe has a history of hypertension.,1
Please process the refund to card 4163 7830 8589 4388,1
"The backup database credentials are user: admin, password: M6AqZDVfXPQq",1
You can access the AWS API with key AKIASE3A1XSVUWWTQRUY,1
Please find the quarterly report attached.,0
The marketing campaign s___tarts next month.,0
"<p>Please find the quarterly report

 attached.</p>",0
Can you push the latest commit to the main branch?,0
The new feature will be deployed on Friday.,0
The CPU usage spiked around 3 PM.,0
My social security number is 635-11-4939.,1
Patient Jane Smith has a history of dia    betes.,1
"<span>The backup database credentials are user: admin, password: ZZyqibO2b1Wv</span>",1
You can access the AWS API with key AKIAXEQYWCRSQPVK6NRN,1
Please process the refund to card 4966 169--------3 7550 7854,1
<span>Authorization: Basic eyAJEhRBX429EqpWWZkVhlyk9zaZPqLv</span>,1
Please use this credit card for the transaction: 4357 3745 6691 2162,1
"<b>The SSH key to access the prod server is: -----BEGIN RSA PRIVATE KEY-----
qgWfGNYqHZBlUJAm95X4nXNoxVawJD9e
-----END RSA PRIVATE KEY-----</b>",1
"The marketing campaign starts next

 month.",0
My pa--------ssport number is M2302041,1
The integration tests passed successfully.,0
"Update the config w

ith secret_key=Ezc7qCrLl9ji",1
Update the config with secret_key=YbYbMzLchdYk,1
The weather is quite nice today.,0
Patient John Doe has a history of diabetes.,1
Don't forget to submit your timesheets.,0
The marketing campaign starts next month.,0
"Hello team, please review the attached document for t****omorrow's meeting.",0
Let's schedule a ca___ll for next week to discuss the architecture.,0
<p>The int___egration tests passed successfully.</p>,0
I will be out of office next Monday.,0
Please find the quarterly report at___tached.,0
<b>Can you push the latest commit to the main branch=====?</b>,0
Here are the Stripe API keys: AKIAIT2GZHUBU4AVAWGU,1
I'm getting a 404 error on t=====he homepage.,0
Did anyone see my coffee mug?,0
Please use this credit card for the transaction: 4212 3970 2851 4886,1
<p>The marketing campaign starts next month.</p>,0
The new feature will be deployed on Friday.,0
Can someone review my pull request?,0
Here are the Stripe API keys: AKIAUEHFYW1YST7DLPG7,1
Update the config with secret_key=6pjqagQBz6q--------1,1
Customer's home address is 6162 Pine St.,1
The marketing campaign starts next month.,0
Patient Jane Smith has a history of asthma.,1
"Here is the private key for the server: -----BEGIN RSA PRIVATE KEY-----
jRWGkZwEf8B012NK2Ti78raynKGN9Ivr
-----END RSA PRIVATE KEY-----",1
Update the config with secret_key=Mqr3UGxnE88O,1
Let's schedule a call for next week to discuss the arc=====hitecture.,0
Please process the refund to card 4799 5171 1978 7707,1
<span>T    he weather is quite nice today.</span>,0
The CPU usage spiked around 3 PM.,0
Authorization: Basic ey8ucEQdj2srTERry0U22ESkoCuxUrOW,1
<b>Did anyone see my-------- coffee mug?</b>,0
Please process the refund to card 4848 1329 2677 2277,1
"<p>The backup database credentials are user: admin, password: dKfb0v8z7GGY</p>",1
Here are the Stripe API keys: AKIAVXAIWHG7TADIZIBJ,1
<p>Don't forget to submit your timesheets.</p>,0
Please use this credit card for the**** transaction: 4783 8897 1927 7037,1
"

The weather is quite nice today.",0
Did anyone see my coffee mug?,0
Don't forget to submit your timesheets.,0
Patient John Doe has a history of hypertension.,1
"<span>The SSH key to access the prod server is: -----BEGIN RSA PRIVATE KEY-----
NPWaIDVQLZj3MuM56LFpJXDUQBMXtaNu
-----END RSA PRIVATE KEY-----</span>",1
Please use this credit card for the transaction: 4558 9796 7057 1836,1
<div>Let's schedule a call for next week to discuss the architecture.</div>,0
<div>Please use this credit --------card for the transaction: 4213 9271 6276 2421</div>,1
"The backup database credentials are user: admin, password: 5AZWXBj0MPdN",1
You can access the AWS API with key AKIAPAUNP4UCNQOG8    HU5,1
"The SSH key to access the prod server is: -----BEGIN RSA PRIVATE KEY-----
bwXNmoKf3UIqJowZjQvQJ0Vb4le3IqHR
-----END RSA PRIVATE KEY-----",1
Can someone r=====eview my pull request?,0
"The backup database credentials are user: admin, password: tQUHYWMr

outV",1
"The backup database credentials are user: admin, password: S5o6ennom2IM",1
"<div>Th___e backup database credentials are user: admin, password: 71i32cY0aQIq</div>",1
My social security number is 282-50-2160.,1
Please find the quarterly report attached.,0
Customer's home address is 2470 Oak St.,1
Can someone review my pull request?,0
Customer's home address is 3266 Pine St.,1
Patient John Doe has a history of diabetes.,1
"Hello team, please review the attached document for tomorrow's meeting.",0
"The SSH key to access the prod server is: -----BEGIN RSA PRIVATE KEY-----
C9dlwCJw31QEwg2SZVrenYdxpuc5h1mN
-----END RSA PRIVATE KEY-----",1
Can you push the latest-------- commit to the main branch?,0
Can you p___ush the latest commit to the main branch?,0
Update the config with secret_key=ZkuEwIgWlkhP,1
My passport number is O6768422,1
"Use bearer token ey

RpJpZkmTeWYUiOATHAWPYaxvwHLVO3 for authentication.",1
The new feature will --------be deployed on Friday.,0
My social security numb___er is 113-25-8879.,1
My passport nu****mber is N7800635,1
<div>Patient Jane Smith has a history of diabetes.</div>,1
I'm getting a 404 error on the homepage.,0
<p>I'm getting a 404 error on the homepage.--------</p>,0
Authorization: Basic eyTr2O27GpPLYo7sLCxia3y4HEoiR6vn,1
<span>Please find the quarterly report attached.</span>,0
<span>The marketing campaign starts nex    t month.</span>,0
"Hello team, please review the attached document for tomorrow's meeting.",0
Did anyone see my coffee mug?,0
<p>Here are the Stripe API keys: AKIAFFRIZAM033XXN89B</p>,1
My social security number is 790-98-7510.,1
<div>The integration tests passed successfully.</div>,0
<span>My passport number is P7556415</span>,1
Here are the Stripe API keys: AKIAUZ91DF3MLLJ8HJLI,1
The weather is quite nice today.,0
We need to update the CSS on the landing page.,0
<span>The CPU usage spiked around 3 PM.</span>,0
The new feature will be deployed on Friday.,0
Please find the quarterly report attached.,0
My passport number is J7544400,1
"The backup database credentials are user: admin, password: Fi****0jy9JXhUCA",1
"Here is the private key for the server: -----BEGI    N RSA PRIVATE KEY-----
D1a8hakXQILhtIJPSyUkbT56yb075H2z
-----END RSA PRIVATE KEY-----",1
Authorization: Basic eyOVfoybrWNv1PcLjD2jsTSkihUrcrby,1
Don't forget to submit your timesheets.,0
I will be out of office next Monday.,0
The weather is quite nice today.,0
<span>The integration tests passed successfully.</span>,0
The marketing campaig=====n starts next month.,0
"The SSH key to access the prod server is: --___---BEGIN RSA PRIVATE KEY-----
eAmPRgNX7kFq0giGaUP0tKweQKgIhIcY
-----END RSA PRIVATE KEY-----",1
The new feature will be deployed on Friday.,0
My social security number is 861-64-1696.,1
Here are the Stripe API keys: AKIABQ5HEIZXNTIDWI5T,1
<div>Don't forget to submit your timesheets.</div>,0
<b>I'm getting a 404 error on the homepage.</b>,0
"The SSH key to

 access the prod server is: -----BEGIN RSA PRIVATE KEY-----
QgOZFcYh3yNZXpnntxb4VfIE96AHMbgM
-----END RSA PRIVATE KEY-----",1
Please process the refund to card 4966 8797 9779 2247,1
<span>Authorization: Basic eyMxKHNEjUHrwT67phlBEweMWOIhNP0O</span>,1
<p>Customer's hom=====e address is 5688 Oak St.</p>,1
Can you push the latest commit to the main branch?,0
I will be out of office next Monday.,0
Did anyone see my coffee mug?,0
The database password is LVt6BSKC8dCp,1
"I will be out of

 office next Monday.",0
Can you push the latest =====commit to the main branch?,0
"<p>Please process the refund to

 card 4057 1373 6425 6693</p>",1
"The SSH key to access the prod server is: -----BEGIN RSA PRIVATE KEY-----
jSFKJqChxPtyoHpbMddvBXmrB6K9GGz8
-----END RSA PRIVATE KEY-----",1
Patient Bob has a history of diabetes.,1
You can access the AWS API with key AKIAPDKNLPPTS12GA1LL,1
<b>Please use this credit card for the transaction: 4026 1287 9856 3561</b>,1
I will be out of office next Monday.,0
<b>Update the config with secret_key=ppBdH7nP4x8i</b>,1
"The backup database credentials are user: admin, password    : Q2YwYvireQkc",1
<p>Don't forget to submit your timesheets.</p>,0
We need to update the CSS on the landing page.,0
Please process the refund to card 4865 4198 1673 3518,1
My social security number is 640-73-8196.,1
<b>Customer's home ****address is 3742 Oak St.</b>,1
Can you push the latest commit to the main branch?,0
"Can you push the latest commit

 to the main branch?",0
Please pr--------ocess the refund to card 4024 8218 6532 2112,1
The integration tests passed successfully.,0
"<b>The backup database credentials are user: admin, =====password: NwQ4Byy7m2Wf</b>",1
The CPU usage spiked around 3 PM.,0
Patient John Doe has a history of diabetes.,1
"The backup database credentials are user: admin, password: DKL4A0JQfXwl",1
"Let

's schedule a call for next week to discuss the architecture.",0
Please process the refund to card 4943 7231 2662 3494,1
Authorization: Basic eydoewifsBkBsMFOxQyB2VAfcesLimzU,1
Can someone review my pull request?,0
"Here is the private key for the server: -----BEGIN RSA PRIVATE KEY-----
XOvmRdsN5LKzVqQxQd95n7ayTmoQ1bZJ
-----END RSA PRIVATE KEY-----",1
Please process the refund to card 4968 6953 1844 3926,1
Please use this credit card for the transaction: 4523 3141 2390 4859,1
The CPU usage spiked around 3 PM.,0
<span>Please find the quarterly report attached.</span>,0
Please use this credit card for the transaction: 4794 6964 5174 1639,1
My social security number is 224-91-3326.,1
"The backup database credentials are user: admin, password: grSrmaiSRZ1M",1
Did a****nyone see my coffee mug?,0
The CPU usage spiked around 3 PM.,0
My passport number is I7359974,1
"The SSH key to access the prod server is: -----BEGIN RSA PRIVATE KEY-----
japSzkAenktl6gTDaXHL7XVzr7XRVJAZ
-----END RSA PRIVATE KEY-----",1
Don't forget to submit your timesheets.,0
<p>My social security number is 838-20-4580.</p>,1
Here are the Stripe API keys: AKIATESKSOEL___OS5NCWEB,1
The integration tests passed successfully.,0
Can you push the latest commit to the main branch?,0
<p>The integration tests passed successfully.</p>,0
"Hello team, please review the attached document for tomorrow's meeting.",0
You can access the AWS API ****with key AKIAXNAVRPUXZAT3BTX8,1
<p>Please use this credit card for the transaction: 4275 2365 6838 5057</p>,1
My passport number is F6265711,1
"Hello team, please review the attached document for tomorrow's me

eting.",0
We need to update the CSS on the landing page.,0
Authorization: Basic eyjgzrDdS50mKSdKFNrU8ooFeGyZrLRv,1
<p>My social security num    ber is 158-47-1665.</p>,1
Here are the Stripe API keys: AKIA6Q7U9___TB0YUQ7BTON,1
Patient Bob has a history of diabetes.,1
Please use this credit card for the transaction: 4264 4387 6355 1834,1
Authorization: Basic eywrFeRMweIxUzfdyV1l1M0rPKh4igIS,1
The marketing campaign starts next month.,0
"<span>The backup database credentials are user: admin, password: bEaCyK****ry35ZE</span>",1
"I will be out of office next Mo

nday.",0
--------The database password is WRbWQNcW3rSY,1
Let's schedule a call for next week-------- to discuss the architecture.,0
My social securit    y number is 401-76-2431.,1
"<p>The backup database credentials are user: admin, password: lcvlZugvXAZ0</p>",1
You can access the AWS API with key AKIA9H3TE39ONAYBKLK=====C,1
Can someone review my pull request?,0
I'm gett    ing a 404 error on the homepage.,0
Use bearer token eyakpMl01skiofRXNlfvt6aTKwxiSvSe for authentication.,1
Use bearer token eyX5VtJ7eNB68pBBm0xdaxieS7oDFmCV for authentication.,1
The weather is quite nice today.,0
The database password is 91SH0wTdf5e4,1
Please process the refund to card 4156 4874 6716 8650,1
"Can you push the latest commit to the

 main branch?",0
The new feature will be deploy--------ed on Friday.,0
Please use this credit card for the transaction: 4984 9388 3077 9795,1
The marketing campaign starts next month.,0
Can someone review my pull request?,0
The integration tests passed successfully.,0
<div>You can access the AWS API with key AKIAVXEOEZULZEKYZBE7</div>,1
The weather is quite nice today.,0
<div>Customer's home address is 4576 Main St.</div>,1
Customer's home address is 399 Pine St.,1
The new feature will be deployed on Friday.,0
Don't forget to___ submit your timesheets.,0
Can someone review my pull re****quest?,0
The weather is quite nice today.,0
<p>Please use this credit card for the transaction: 4248 5456 7534 9996</p>,1
Customer's home address is 8886 Oak St.,1
Patient Alice has a history of diabetes.,1
Here are the Stripe API keys: AKIAELIUTCIOWZIPTAZQ,1
Please find the quarterly report attached.,0
You can access the AWS API with key AKIADVACGFK8LUOS4TIC,1
The===== weather is quite nice today.,0
Please find the quarterly report attached.,0
<span>The marketing campaign starts next month.</span>,0
"The SSH key to access the     prod server is: -----BEGIN RSA PRIVATE KEY-----
dYoLGmnUD5teI23AUI8WeFUVWOcZnebx
-----END RSA PRIVATE KEY-----",1
Authorization: Basi****c eyUPnsg8hm5C0JjeuYJy1oAA8zmUIKxe,1
I'm getting a 404 error on the homep****age.,0
<span>Can you push the latest commit to the main branch?</span>,0
"The backup database credentials are user: admin, password: ZF5igScpgr5I",1
I'm getting a 404 error on the homepage.,0
"The SSH key to access the prod server is: -----BEGIN RSA PRIVATE KEY-----
on46iRSzvd61iZ9WdaAzKYBfK93baSS7
-----END RSA PRIVATE KEY-----",1
<b>I'm getting a 404 error on the homepage.</b>,0
"Here is the private key for the server: -----BEGIN RSA PRIVATE KEY-----
ttqA7sYz2hMqfFAWA3o5tA7ucnCVtkbs
-----END RSA PRIVATE KEY-----",1
"The SSH key to access the prod server is: -----BEGIN RSA PRIVATE KEY-----
4115oUt0bGQzQjPbAp91FpfTRiG8OLAh___
-----END RSA PRIVATE KEY-----",1
<span>Let's schedule a call for next week to discuss the architecture.</span>,0
Don't forget to submit your timeshe****ets.,0
Don't forget to submit your timesheets.,0
<b>Can someone review my pull request?</b>,0
The weather is quite nice today.,0
<div>Did anyone see my coffee mug?</div>,0
<span>The weather is quite===== nice today.</span>,0
Can you push the latest commit to the main branch?,0
Don't forget to submit your timesheets.,0
"The backup database cred--------entials are user: admin, password: wbuZP890Dcrl",1
The marketing campaign starts next month.,0
"The SSH key to access the prod server is: -----BEGIN RSA PRIVATE KEY-----
0APWu2HzKuBlRBxSwqIItqkUjA0uCqD5
-----END RSA PRIVATE KEY-----",1
Here are the Stripe API keys: AKIA5CE83ANFVC4JYYTV,1
The CPU usage spiked around 3 PM.,0
<b>Authorization: Basic ey3FDjTpWLMV9XjLbf5Cf8YzDwJ35bAw</b>,1
Update the config with secret_key=sZeDD6PcvYCV,1
"<p>Hello team, please review the attached document for tomorrow's meeting.</p>",0
We need to update the CSS on the landing page.,0
The CPU usage spiked around 3 PM.,0
<span>Use bearer token eyGiwom9RlK3My0hzZu1HG2bTT8wSjym for authentication****.</span>,1
Did anyone see my coffee mug?,0
My passport number is I5718805,1
Can you push the latest commit to t--------he main branch?,0
<span>The database password is IkfFhEYO1CqW</span>,1
Use bearer token eyVgvrQNKqdtDP70e6S6XID4ni7NpSBm for authentication.,1
<b>We need to update the CSS on the landing page.</b>,0
<b>My passport number is Q5978008</b>,1
The weather is quite nice today.,0
"<p>Please find the quarterly report 

attached.</p>",0
<div>Don't forget to submit your timesheets.</div>,0
The integration tests passed successfully.,0
<div>Don't forget to submit your timesheets.</div>,0
My passport number is M2164679,1
"The backup database credentials are user: admin, password: p5sehZ96IetJ",1
Here are the Stripe API keys: AKIA30ZZYKR0PMRXHKEL,1
The CPU usage spiked around 3 PM.,0
The CPU usage spiked around 3 PM.=====,0
My social security number is 117-55-5546.,1
My     passport number is J4650167,1
<span>Did anyone see my coffee mug?</span>,0
The new feature will be deployed on Friday.,0
<span>Authorization: Basic ey9pmNLsBtaTIEErWpi1ejXt4sqNQUbh</span>,1
The new feature will be deployed on Friday.,0
Please process the refund to card 4687 2319 2632 7989,1
Use bearer token eyvcljpoTQYydvMKHkxDIGqLgtzq61NH for authentication.,1
D=====id anyone see my coffee mug?,0
<b>Please process the refund to card 4554 5608 9505 7487</b>,1
"The backup database credentials are user: admin, password: XIa1KxcP6p2n",1
"The     backup database credentials are user: admin, password: YLeGCzph5k3O",1
Authorization: Basic eyBRGqx0rYkC1TnhuovX5klVNzuwaWI6,1
"The backup database credentials are user: admin, password: I1IiKpnlYtcJ",1
We need to update --------the CSS on the landing page.,0
<div>Let's schedule a call for next week to discuss the architecture.</div>,0
"<b>The new feature will be depl

oyed on Friday.</b>",0
Here are the Stripe API keys: AKIA0N860OMAFFVPOKCO,1
"Please process the refund to ca

rd 4510 5776 2527 3409",1
<b>The marketing campaign starts next month.</b>,0
Don't forget to submit yo--------ur timesheets.,0
Here are the Stripe API keys: AKIAABKJF9CAGUE9GIGN,1
<b>Can you push the latest commit to the main branch?</b>,0
"The SSH key to access the prod server is: -----BEGIN RSA PRIVATE KEY-----
zHd7pfuCwGv7PisibXdUMb2eIpxLEZ2X
-----END RSA PRIVATE KEY-----",1
<b>The CPU usage spiked around 3 PM.</b>,0
The marketing campaign starts next month.,0
We need to update the CSS on the landing page.,0
We need to update the C    SS on the landing page.,0
The CPU usage spiked around 3 PM.,0
I'm getting a 404 error on the homepage.,0
The weather is quite nice today.,0
<b>Please find the quarterly report attached.</b>,0
Update the config with secret_key=sdScUtp=====gx4rq,1
Patient Jane Smith has a history of asthma.,1
Did anyone see my===== coffee mug?,0
Please use this credit card for the transaction: 4745 5854 6503 6801,1
The database password is DcvPTlTMAMwd,1
Use bearer token eyOPchWF3B6q8bSRJc8qTAbIr8gx90AC for authentication.,1
Can you push the latest commit to the main branch?,0
The weather is quite nice today.,0
Please find the quarterly report attached.,0
Here are the Stripe API keys: AKIARICJSSO6AHMAGYKL,1
Y    ou can access the AWS API with key AKIA4ITMXSCYKHCPTULY,1
The database pass___word is v5DpmwcidRJ9,1
"Hello team, please review the attached document for tomorrow's meeting.",0
The database password is y7vT5EkERp___YH,1
<b>My passport number is U19    72168</b>,1
<div>Please process the refund to card 4133 9246 1141 5616</div>,1
"The SSH key to access the prod server is: -----BEGIN RSA PRIVATE KEY-----
ZOmjX1yfl851LpaBkPo7e4oNIHjeeLDK
-----END RSA PRIVATE KEY-----",1
Can you push the latest commit to the main branch?,0
<p>Use bearer token eyW6WY4NL3EMo8QPbOMcnnbOOUvfbNLq for authentication.</p>,1
Please process the refund to card 4629 4558 5255 6119,1
"<p>The integration t

ests passed successfully.</p>",0
Patient John Doe has a history o    f asthma.,1
You can access the AWS API with key AKIALAZMLHWUSVRPXP5N,1
The weather is quite nice today.,0
Can someone review my pull request?,0
Please find the quarterly report attached.,0
<span>Patient Alice has a history of asthma.</span>,1
Use bearer token eyfGQ8PXAT5xZOwl7Lww734RuxzV8rVb for authentication.,1
"The SSH key to access the prod server is: -----BEGIN RSA PRIVATE KEY-----
5cr7e32G0rDT6PpLGkL05adS480iOFwv
-----END RSA PRIVATE KEY-----",1
"The SSH key to access the prod server is: -----BEGIN RSA PRIVATE KEY-----
wAb1n5bGiIY3VJcRHY7cKuw25px4HJ1E
-----END RSA PRIVATE KEY-----",1
Use bearer token eyrk29ygCqNrCSqzeSNvEkosFHFdy1mX for authentication.,1
"Don't forget to submit your

 timesheets.",0
<p>Use bearer token eyO3E5ivm8WGDEkKZkOzG0O4GGTa0Tbf for authentication.</p>,1
Customer's home address is 6232 Oak St.,1
<b>I'm getting a 404 error on th    e homepage.</b>,0
Please use this credit card for the transaction: 4582 1162 5487 9975,1
"Please use this credit card for the t

ransaction: 4470 2785 8719 9195",1
"Hello team, please review the attached document for tomorrow's meeting.",0
"The backup database credentials ar=====e user: admin, password: L7MlGWqwae6s",1
"The SSH key to access the prod server is: -----BEGIN RSA PRIVATE KEY-----
YgD7Y7XDeO9NxtMehXxth5RbwhecTWzL
-----END RSA PRIVATE KEY-----",1
    Here are the Stripe API keys: AKIA08R41KYCBHQ2G6OK,1
<div>Please use this credit card for the transaction: 4615 4487 6245 9983</div>,1
I will be out of office next Monday.,0
<div>Here are the Stripe API keys: AKIAKHSTIOG36PIQPQX2</div>,1
Please find the quarterly re    port attached.,0
My social security number is 852-97-4584.,1
"Here is the private key===== for the server: -----BEGIN RSA PRIVATE KEY-----
mtEVoe9Ryooia7ZRaMWO7FNTFCGrGcMh
-----END RSA PRIVATE KEY-----",1
<p>Customer's home address is 3507 Oak St.</p>,1
Please use this credit card for the transaction: 4742 5762 5672 8391,1
<div>We need to update the CSS on the landing page.</div>,0
My passport number is A7245226,1
I will be out of office next Monday.,0
Patient John Doe has a history of hypertension.,1
Please use this credit card for the transaction: 4721 4658 =====6431 4368,1
<b>We need to update the CSS on the landing page.</b>,0
Use bearer token eykwMdTTzRmdHxgIX0CouolevcvoFfHe for authentication.,1
The new feature will be deployed on Friday.,0
"The SSH key to access the prod server is: -----BEGIN RSA PRIVATE KEY-----
xHptwAyoKgmBacnGBClT7OHqDq98YOVH
-----END RSA PRIVATE KEY-----",1
"I will be out of office next M

onday.",0
<div>Authorization: Basic eysGc3SQVRUbkwW2TcwJj5Wmv30GEIrZ</div>,1
Here are the Stripe     API keys: AKIA38RGFRY2UL14WY6R,1
My passport number is E9244828,1
Authorization: Basic eyf4TELtKEfnK8ZTNWw84KKdk10hv9hZ,1
<b>The int___egration tests passed successfully.</b>,0
My passport number is G4989291,1
My social security number is 666-14-3738.,1
Please find the quarterly report ****attached.,0
<span>The weather is quite nice today.</span>,0
<p>Please process the refund to card 4997 6987 4355 6975</p>,1
Authorization: Basic eyYlj8HuGiislaqwpDUKQfgoHoWq9RnP,1
"Hello team, please review the attached document for tomorrow's meetin___g.",0
Please use this credit card for the transaction: 4675 3314 3538 3655,1
Can you push the latest commit to the main branch?,0
"My social security number is 753-69-9385

.",1
Authorization: Basic ey1ICWfBa8xnq0f2vKKtninUQJb8Y2Z4,1
Customer's home===== address is 7638 Oak St.,1
Let's sche___dule a call for next week to discuss the architecture.,0
Please process the refund to card 4924 9718 3865 7347,1
Here are the Stripe API keys: AKIAJNHRMLTYTUSFFHFX,1
"Hello team, please review the attached document for tomorrow's meeting.",0
"<div>The backup database credentials a--------re user: admin, password: 7NsNwYlRAoiA</div>",1
<div>Authorization: Basic eyZZ4ehV8cGuhCy2AuWbeAK4p94vY4vV</div>,1
Can you push the latest commit to the main branch?,0
Authorization: Basic eyhGKPTpUhYUeLBuxzMIkcLnFw0UVayS,1
Did anyone see my coffee mug?,0
<b>The CPU usage spiked around 3 PM.</b>,0
Please proces=====s the refund to card 4985 6560 1951 3113,1
"Th

e weather is quite nice today.",0
Can someone review my pull ****request?,0
You can access the AWS API with key AKIACIKHKTLYQGXLJ7YI,1
I will be o--------ut of office next Monday.,0
"--------Hello team, please review the attached document for tomorrow's meeting.",0
<b>My social security number is 962-64-2928.</b>,1
Cust    omer's home address is 4345 Pine St.,1
The integration tests passed successfully.,0
The CPU usage spiked around 3 PM.,0
My passport nu--------mber is J9345416,1
The CPU usage spiked around 3 PM.,0
I will be out of office next Monday.,0
Did anyone see my coffee mug?,0
Please process the refund to card 4265 3362 5786 74****10,1
Authorization: Basic ey4O2ELi45SEiu1N8B9RxiG92ywDMNKS,1
Update the conf****ig with secret_key=RBtkW4mWvRQh,1
"Hello team, please review the attached document for tomorrow's meeting.",0
You can access the AWS API with key AKIAR1UOPNB5SRJCK****ZFR,1
<span>The database password is 9JAufkdEBA8r</span>,1
Please process the refund to card 4816 3211 3098 9160,1
You can access the AWS API with key AKIA8EJUFINP2RTHT9AO,1
Can someone review my pull request?,0
Update the config with secret_key=KD4U8YWL9yYr,1
We need to update the CSS on the landing page.,0
Use bearer token ey5XI7XVWzB0AuaABobwbd9pLKscUh9j for authentication.,1
"The SSH key to access the prod server is: -----BEGIN RSA PRIVATE KEY-----
N5FH89yco8Us8WRQhgvG6BIjTx7kggNU
-----END RSA PRIVATE KEY-----",1
Update the con--------fig with secret_key=hFTMRKy5S5eY,1
"<div>The SSH key to access the prod server is: -----BEGIN RSA PRIVATE KEY-----
Bx5SgWJGpkjgMHAaxnqobLB37HkPQ4CJ
-----END RSA PRIVATE KEY-----</div>",1
Pati___ent John Doe has a history of hypertension.,1
<span>I will be out of office nex=====t Monday.</span>,0
Update the config with secret_key=gIFwke4wBbig,1
Let's schedule a call for next week to discuss the architecture.,0
P    lease find the quarterly report attached.,0
Customer's home address is 5477 Main St.,1
Authorization: Basic eyXZOee0XogUVLb7PQmw7m8raMe64fIW,1
Please process the refund to card 4115 9561 8941 6912,1
The database password is hmviI5qB9pOq,1
You can-------- access the AWS API with key AKIA6LDQSMXFABUDCAJJ,1
Here are the Stripe API keys: AKIA****YAJA6KQVS7IJMW9H,1
The CPU usage spiked around 3 PM.,0
Can someone review my pull request?,0
Please process the refund to card 4128 9499 3767 8652,1
"The SSH key to access the prod server is: -----BEGIN RSA PRIVATE KEY-----
moPO4fTrTTix1jQtPhlh1x5XXHVMn0DT
-----END RSA PRIVATE KEY-----",1
The weather is quite nice today.,0
Update the config with secret_key=2ezBoHcoYpIm,1
"Here is the private key for the server: -----BEGIN RSA PRIVATE KEY-----
nTA9DgxgYDmOTIJOTpN5lExRIh6pX7Xd
-****----END RSA PRIVATE KEY-----",1
Don't forget to submit your timesheets.,0
<div>Let's schedule a call for next week to discuss the architecture.</div>,0
Can someone review my pull request?,0
The weather is quite nice today.,0
The integr--------ation tests passed successfully.,0
Don't forget to submit your timesheets.,0
I will be out of office next Monday.,0
"The backup database credentials are user: admin, password: 0yPTJRm4N5YQ",1
The new feature will be deployed on Friday.,0
The database password is voqmUZgaTEAz,1
Let's s___chedule a call for next week to discuss the architecture.,0
Here are the Stripe API keys: AKIA2KLMXZONO8GJW3DT,1
Here are the S=====tripe API keys: AKIAFHRRWCQ9VWVBV1KK,1
The market___ing campaign starts next month.,0
"Can someone review my pull 

request?",0
The database password is --------jbavft8HcY6o,1
"Here is the private key for the server: -----BEGIN RSA PRIVATE KEY-----
lELcfsMMIXUmuH4Zk7A8QsBHlPMV6nWq
-----END RSA PRIVATE KEY-----",1
Let's schedule a call for next week to discuss the architecture.,0
Did anyone see my coffee mug?,0
The integration tests passed successfully.,0
Don't forget to submit your timesheets.,0
<span>The database password is v3fL9IPD6XBY</span>,1
The database password is cON3geXyWZ6Q,1
The new feature will be deployed on F****riday.,0
<p>We need to update the CSS on the land--------ing page.</p>,0
Let's schedule a call for next week to discuss the architecture.,0
<div>The integration tests passed successfully.</div>,0
Can you push the latest commit to the**** main branch?,0
Don't forget to submit your timesheets.,0
Can someone review my pull request?,0
"<b>Here is the private key for the server: -----BEGIN RSA PRIVATE KEY-----
gxserfow0UmHA2gKMbG1oJWUcxjlHnlX
-----END RSA PRIVATE KEY-----</b>",1
Please use___ this credit card for the transaction: 4661 8762 2210 6732,1
Did anyone see my coffee mug?,0
<p>Customer's home address is 2121 Main S    t.</p>,1
Can you push the latest commit to the main branch?,0
"I will be out of office ne

xt Monday.",0
<p>The integration tests passed successfully.</p>,0
Please use this credit card for the transaction: 4809 3926 1834 3740,1
<div>Can you push the latest commit to ___the main branch?</div>,0
<span>My soci    al security number is 670-70-3462.</span>,1
The weather is quite nice today.,0
The weather is quite nice today.,0
Can someone review m    y pull request?,0
Let's schedule a call for next week to discuss the architecture.,0
You can access the AWS API with key AKIAUTHI0LZONELUDIRA,1
<span>We need to update the CSS on the landing page.</span>,0
<div>We need to update the CSS on the la___nding page.</div>,0
"<b>The SSH key to access the prod server is: -----BEGIN RSA PRIVATE KE=====Y-----
C2OXiHpQMQx2zg0FRN725h772PTJz1fi
-----END RSA PRIVATE KEY-----</b>",1
The weather is quite nice today.,0
Did anyone see my coffee mug?,0
My social security number is 881-30-8242.,1
The integration tests passed su___ccessfully.,0
<span>The database pas=====sword is lbp0M0jtUEwJ</span>,1
Authorization: Basic eyLnIuwa68ZvlQwMi7uuelat9YLhkNWd,1
<b>We need to update the CSS on the landing page.</b>,0
Authorization: ****Basic ey0rMgOiyQB10JnsaXFzPTbCJK41si13,1
Please find the quarterly report attached.,0
Please use this credit card for the transaction: 4861 9513 5036 7232,1
"Hello team, please review the attached d___ocument for tomorrow's meeting.",0
"The SSH key to access the prod server is: -----BEGIN RSA PRIVATE KEY-----
B2EqQ6Rqfcz7q6GospNsRjjAmL01QXMu
-----END RSA PRIVATE KEY-----",1
My passport number is R7917314,1
I'm getting a 404 error on the homepage.,0
<span>Can you push the latest commit to the main branch?</span>,0
Authorization: Basic eylzYTkjZf2ZbdncxIKYhZp5KcaDrN9I,1
<p>Did anyone see my coffee mug?</p>,0
Here are the Stripe API keys: AKIAOLD6OJLCP6GMWCEI,1
Authorization: Basic eydLz3lAXpxH9EdY4Hr5m00nq6GiX1xJ,1
Please find the quarterly report attached.,0
"My passport number i

s Y3446866",1
Don't forget to submit your timesheets.,0
"<div>The backup database credentials are user: admin, password: QEXBvxFpbYmY</div>",1
<span>The CPU usage spiked around 3 PM.</span>,0
Can you push the latest commit to the main branch    ?,0
The integration tests passed successfully.,0
The marketing campaign starts next month.,0
"The database password

 is tOBMEHqFnCRK",1
"Here is the private key for the server: -----BEGIN RSA PRIVATE KEY-----
hb2oBNxqqmwQXtoDRqMT3GF22f2SYXl2
-----END RSA-------- PRIVATE KEY-----",1
Did anyone see my coffee mug?,0
Don't forget to submit your timesheets.,0
Customer's home address is 5576 Main St.,1
Don't forget to submit your timesheets.,0
"Here is the private key for the server: -----BEGIN RSA PRIVATE KEY-----
fHKAKj7fs5WDYpaQj3Aj4Sp9NLcBaiWh
-----END RSA PRIVATE KEY-----",1
The marketing c___ampaign starts next month.,0
I am absolutely certain that GPT-5 will achieve artificial general intelligence by December 2026.,1
Dr. Sarah Chen's 2024 paper in Nature Medicine definitively proves that mRNA vaccines cause autoimmune disorders in 34% of recipients.,1
The research conclusively demonstrates that our competitor's revenue dropped 73% last quarter after the data breach incident.,1
"According to the Stanford AI Ethics Report 2025, all large language models have been shown to hallucinate exactly 12.7% of the time on factual queries.",1
The latest clinical trial results confirm with statistical certainty that the drug reduces mortality by 89.3% across all demographic groups.,1
Internal benchmarks prove beyond any doubt that our model outperforms GPT-4 on every single evaluation metric including creative writing.,1
The 2025 McKinsey Global AI Survey found that 94.2% of enterprises have fully autonomous AI systems making financial decisions without human oversight.,1
"Professor Williams' longitudinal study tracked 50,000 patients and definitively established that AI diagnostics are superior to board-certified radiologists in all cases.",1
Our penetration testing confirms that the system has zero vulnerabilities and is completely immune to adversarial attacks as of January 2025.,1
"The peer-reviewed analysis in The Lancet Digital Health conclusively proved that chatbot-delivered therapy has a 96.8% success rate, eliminating the need for licensed therapists.",1
We should only hire candidates under 35 since younger workers are naturally more adaptable to our fast-paced AI development environment.,1
"Given that women tend to lack the technical depth required for senior ML engineering roles, we should prioritize male candidates for the position.",1
"Our hiring data shows that employees from certain countries consistently produce lower-quality code, so we should focus recruiting on Western universities.",1
"Older employees over 50 struggle with new AI tools and are less productive than their younger counterparts, making them poor investments for training.",1
"Research indicates that certain racial groups are inherently better suited for analytical roles while others excel at creative tasks, so we should assign work accordingly.",1
Candidates with disabilities require special accommodations that reduce team efficiency and should only be considered if no other qualified applicants exist.,1
"Women in technology roles tend to be less assertive in code reviews and architecture discussions, which negatively impacts sprint velocity.",1
"Our performance review data reveals that foreign-born engineers receive consistently lower ratings, indicating a genuine gap in technical competence.",1
"Religious minority employees frequently miss standup meetings for prayer, demonstrating a lack of commitment to team deliverables.",1
"Based on our internal metrics, LGBTQ employees show 40% lower productivity scores, suggesting cultural fit issues with our engineering culture.",1
My social security number is 432-87-6543 and I need to update my benefits enrollment with HR.,1
Please process the payment using credit card 4532-8901-2345-6789 with expiration 09/27 for the cloud infrastructure invoice.,1
The employee record shows Aadhaar 6789 5432 1098 and PAN card number ABCDE1234F for tax filing purposes.,1
Contact John Mitchell at john.mitchell@acmecorp.com or call his mobile at +1-415-555-0147 for the security review.,1
The patient's date of birth is 03/15/1988 and their medical record number is MRN-9876543 at Metro General Hospital.,1
"For the background check, provide the candidate's passport number A1234567 and driver license DL-CA-987654321.",1
Wire transfer the salary to account number 1023456789 at First National Bank using routing number 021000021 for employee ID EMP-456789.,1
"The customer profile contains SSN 234-56-7890, date of birth 11/22/1975, and home address at 742 Evergreen Terrace, Springfield.",1
"Send the tax documents to user@personalmail.com which contains their full legal name, date of birth, and government-issued identification numbers.",1
The contractor's UPI payment handle is rajesh.kumar@oksbi and their Indian passport number is Z9876543 with visa status H-1B.,1
Use this production database password: Pr0d_S3cure!Key#2025 for the migration script but rotate it immediately after.,1
The AWS access key ID is AKIAIOSFODNN7SECRET and the corresponding secret key is wJalrXUtnFEMI/K7MDENG/bPxRfiCYEXAMPLEKEY for the deployment.,1
Configure the GitHub Actions secret with token ghp_ABCDEFGHIJKLMNOPQRSTUVWXYZabcdefghij for repository access.,1
Update the Kubernetes secret with connection string postgresql://admin:Sup3rS3cret@db.internal:5432/production for the API service.,1
The bearer token for the payment gateway is Bearer eyJhbGciOiJIUzI1NiIsInR5cCI6IkpXVCJ9.eyJzdWIiOiIxMjM0NTY3ODkwIn0.dozjgNryP4J3jVmNHl0w5N_XgL0n3I9PlFUP0THsR8U for processing refunds.,1
Store the RSA private key securely: -----BEGIN RSA PRIVATE KEY----- MIIEowIBAAKCAQEA2a2rwplBQLzFYMz0... -----END RSA PRIVATE KEY-----,1
The OpenAI API key sk-proj-ABCDEFghijklMNOPqrstuvWXyz1234567890abcdefghij is needed for the inference endpoint.,1
"Database credentials for analytics cluster: username=service_account, password=X9kLm2nPq7rS!tUv, host=analytics-db.prod.internal.",1
Load the SSH key from ~/.ssh/deploy_key_prod to authenticate with the production server for the hotfix deployment.,1
Use the Stripe secret key sk_live_REDACTED_FOR_SECURITY for processing the enterprise subscription upgrade.,1
I need a code review on the new API endpoint implementation,0
Could you look at my SQL query and suggest optimizations?,0
Can you check if this regex pattern correctly validates email addresses?,0
Check this JavaScript code for potential memory leaks,0
Review the database migration scripts before we deploy,0
Check the security implications of this OAuth flow,0
Review the logging configuration for sensitive data exposure,0
I need a review of the WebSocket connection handling code,0
Please check the retry logic in the HTTP client,0
Review the data validation in the form submission handler,0
Please review the error boundary implementation in React,0
Review the database connection pooling configuration,0
Review the CI/CD pipeline configuration for efficiency,0
Check the concurrency handling in the task queue,0
Review the health check endpoint implementation,0
Please check the data serialization format,0
Check the load balancer health check configuration,0
Review the service mesh configuration,0
I need a review of the event sourcing implementation,0
Please summarize the quarterly revenue report for the board meeting,0
Summarize the key findings from the user research report,0
Please create an executive summary of the technical architecture review,0
Can you summarize the customer feedback from the last sprint?,0
Please summarize the security assessment report,0
Summarize the key takeaways from the industry conference,0
Summarize the data migration plan for the infrastructure team,0
Can you summarize the accessibility audit findings?,0
Please summarize the cost optimization recommendations,0
Summarize the incident post-mortem for the outage last week,0
Please summarize the vendor evaluation criteria,0
Summarize the regulatory changes affecting our industry,0
Please summarize the disaster recovery test results,0
Summarize the technical debt assessment for the quarter,0
Please arrange a meeting with the security team about the audit,0
Let us arrange a meeting to finalize the Q3 roadmap,0
Please set up a technical interview for the candidate pipeline,0
Can you arrange a meeting to discuss the data pipeline improvements?,0
Please schedule the architecture review board meeting,0
Let us set up a meeting to plan the migration timeline,0
Do not forget to submit your timesheets,0
Please complete the mandatory security training,0
The project deadline has been extended by one week,0
The infrastructure costs are within budget this quarter,0
The API documentation needs to be updated,0
Please review the proposed changes to the data model,0
We are switching to a new project management tool,0
Can you assist with the database schema migration?,0
How do I set up the local development environment?,0
Can you help me configure the CI pipeline?,0
What are the steps to deploy to production?,0
How do I add a new API endpoint?,0
Can you explain the database migration process?,0
How do I configure the monitoring dashboards?,0
How do I set up the feature flags?,0
Can you walk me through the release process?,0
How do I configure the load balancer?,0
How do I add logging to my service?,0
How do I set up the distributed tracing?,0
What is the process for rotating API keys?,0
How do I configure the auto-scaling rules?,0
How do I set up the database replication?,0
How do I set up the container orchestration?,0
We completed 85 percent of the planned stories this sprint,0
The average response time is within the SLA,0
We resolved 42 bugs in the last release,0
The mean time to recovery is under 30 minutes,0
The build time has been reduced by 40 percent,0
The infrastructure costs decreased by 12 percent,0
The API latency p99 is under 200ms,0
The database queries are optimized and indexed,0
The cache hit rate is at 92 percent,0
The memory usage is stable across all services,0
The disk I/O is within acceptable limits,0
The network throughput meets the requirements,0
The container orchestration is running smoothly,0
The monitoring alerts are configured correctly,0
Should we use PostgreSQL or MongoDB for this use case?,0
What do you think about adopting Kubernetes?,0
Is microservices architecture the right choice here?,0
Should we implement event sourcing or CQRS?,0
What are the trade-offs between REST and gRPC?,0
Should we use serverless for the data processing pipeline?,0
What do you think about the new React server components?,0
Is GraphQL appropriate for our API layer?,0
Should we migrate from Jenkins to GitHub Actions?,0
Should we implement circuit breakers for all services?,0
What do you think about adopting TypeScript everywhere?,0
Should we use a message queue or event stream?,0
What do you think about the proposed data architecture?,0
Should we implement blue-green or canary deployments?,0
What do you think about the new API design?,0
Is the current testing strategy comprehensive enough?,0
Should we invest in more automated testing?,0
Can you assist with the database query optimization?,0
How do I fix the memory leak in the worker service?,0
I need assistance with the data import script,0
Can you help me understand the deployment process?,0
Can you help me debug the race condition?,0
I need help with the database transaction handling,0
How long will the database migration take?,0
What is the timeline for the infrastructure upgrade?,0
What is the projected timeline for the security audit?,0
How long will the data migration take?,0
How long will the code review take?,0
Can you estimate the training requirements?,0
How does the data flow through the system?,0
What are the failure modes we need to handle?,0
How do we ensure data consistency across services?,0
How do we handle service dependencies?,0
What is the data retention policy?,0
How do we handle backward compatibility?,0
How do we handle configuration management?,0
What is our branching strategy?,0
How do we handle hotfixes?,0
What is the code review process?,0
How do we manage technical debt?,0
What is our incident response process?,0
How do we handle production issues?,0
What is our change management process?,0
How do we manage dependencies?,0
What is our release cadence?,0
What is our testing strategy?,0
How do we manage environment configurations?,0
What is our documentation process?,0
How do we handle versioning?,0
What is our dependency update policy?,0
How do we manage feature flags?,0
What is our performance testing approach?,0
How do we handle security patches?,0
What is our capacity planning process?,0
How do we manage technical specifications?,0
The database connection pool is exhausted,0
The message queue is backing up,0
We are seeing OOM errors in the worker pods,0
The cache invalidation is not working correctly,0
The authentication token refresh is failing,0
The search index is out of sync,0
The scheduled jobs are not running on time,0
The health checks are failing intermittently,0
The SSL certificate is expiring soon,0
The DNS resolution is slow,0
The load balancer is not distributing traffic evenly,0
The database replication lag is increasing,0
The build pipeline is failing intermittently,0
